date, pm25, pm10, o3, no2, so2, co
2026/5/2, 55, 37, 86, 16, 6, 5
2026/5/3, 72, 26, 67, 10, 6, 6
2026/5/4, 62, 26, 57, 9, 5, 4
2026/5/5, 42, 29, 62, 14, 4, 4
2026/5/6, 59, 26, 71, 14, 4, 4
2026/5/7, 48, 27, 64, 11, 4, 4
2026/5/8, 53, 35, 48, 9, 4, 4
2026/5/9, 37, 25, 60, 16, 4, 4
2026/5/10, 50, 26, 65, 12, 4, 5
2026/5/11, 54, 25, 55, 13, 5, 5
2026/5/12, 57, 26, 45, 15, 5, 5
2026/5/13, 59, 31, 84, 17, 4, 4
2026/5/14, 71, , 42, 17, 4, 5
2026/5/15, 65, , , , , 
2026/4/2, 80, 32, 61, 20, 5, 6
2026/4/3, 74, 50, 86, 25, 5, 6
2026/4/4, 92, 22, 59, 14, 5, 6
2026/4/5, 57, 26, 54, 13, 5, 6
2026/4/6, 59, 37, 38, 25, 6, 8
2026/4/7, 77, 24, 45, 16, 5, 4
2026/4/8, 41, 29, 55, 18, 5, 4
2026/4/9, 58, 29, 40, 31, 5, 6
2026/4/10, 54, 22, 48, 18, 4, 6
2026/4/11, 47, 26, 66, 12, 5, 5
2026/4/12, 58, 34, 66, 14, 3, 5
2026/4/13, 66, 45, 71, 19, 5, 5
2026/4/14, 70, 41, 52, 11, 5, 5
2026/4/15, 59, 37, 70, 14, 5, 4
2026/4/16, 60, 31, 56, 11, 4, 4
2026/4/17, 51, 34, 39, 21, 5, 5
2026/4/18, 71, 23, 38, 20, 5, 6
2026/4/19, 71, 36, 54, 14, 5, 6
2026/4/20, 70, 32, 45, 15, 5, 5
2026/4/21, 57, 86, 58, 13, 5, 4
2026/4/22, 71, 51, 44, 21, 5, 5
2026/4/23, 61, 43, 54, 17, 5, 4
2026/4/24, 60, 28, 50, 16, 5, 4
2026/4/25, 42, 30, 68, 16, 5, 6
2026/4/26, 59, 31, 53, 14, 5, 4
2026/4/27, 64, 45, 77, 18, 5, 5
2026/4/28, 68, 40, 56, 14, 5, 4
2026/4/29, 59, 27, 54, 12, 5, 4
2026/4/30, 55, 30, 48, 17, 5, 5
2026/5/1, 63, 29, 67, 9, 5, 4
2026/1/2, 52, 19, 25, 13, 4, 6
2026/1/3, 54, 23, 31, 18, 3, 6
2026/1/4, 66, 45, 33, 27, 4, 8
2026/1/5, 107, 24, 32, 18, 4, 6
2026/1/6, 67, 25, 31, 24, 4, 7
2026/1/7, 57, 37, 34, 25, 6, 8
2026/1/8, 75, 22, 29, 15, 4, 6
2026/1/9, 37, 30, 26, 32, 6, 8
2026/1/10, 63, 48, 37, 33, 5, 9
2026/1/11, 71, 17, 30, 7, 4, 6
2026/1/12, 46, 29, 26, 28, 5, 8
2026/1/13, 66, 33, 34, 25, 4, 8
2026/1/14, 69, 28, 29, 29, 5, 7
2026/1/15, 59, 60, 48, 44, 7, 11
2026/1/16, 114, 71, 31, 45, 6, 10
2026/1/17, 141, 61, 42, 36, 4, 10
2026/1/18, 125, 56, 32, 42, 5, 11
2026/1/19, 118, 44, 33, 24, 4, 9
2026/1/20, 92, 22, 30, 15, 4, 6
2026/1/21, 49, 21, 29, 12, 4, 7
2026/1/22, 53, 20, 31, 11, 4, 6
2026/1/23, 49, 32, 34, 20, 4, 7
2026/1/24, 80, 33, 35, 23, 4, 8
2026/1/25, 89, 18, 35, 13, 4, 6
2026/1/26, 50, 29, 27, 32, 5, 8
2026/1/27, 60, 31, 35, 15, 4, 6
2026/1/28, 69, 27, 35, 15, 4, 6
2026/1/29, 54, 37, 37, 17, 5, 6
2026/1/30, 68, 26, 34, 20, 4, 6
2026/1/31, 57, 29, 38, 25, 4, 6
2026/2/1, 66, 37, 40, 22, 4, 7
2026/2/2, 94, 35, 38, 30, 4, 7
2026/2/3, 84, 28, 37, 30, 5, 6
2026/2/4, 65, 49, 42, 39, 5, 8
2026/2/5, 121, 57, 61, 45, 5, 9
2026/2/6, 137, 44, 44, 15, 4, 6
2026/2/7, 85, 35, 37, 12, 4, 6
2026/2/8, 53, 25, 35, 9, 4, 6
2026/2/9, 60, 23, 36, 26, 5, 6
2026/2/10, 53, 41, 27, 39, 5, 8
2026/2/11, 81, 42, 33, 29, 5, 6
2026/2/12, 102, 56, 44, 41, 6, 8
2026/2/13, 128, 68, 60, 54, 6, 11
2026/2/14, 145, 70, 50, 54, 7, 11
2026/2/15, 148, 62, 61, 36, 4, 10
2026/2/16, 136, 27, 36, 12, 3, 5
2026/2/17, 52, 18, 41, 17, 3, 6
2026/2/18, 51, 29, 44, 15, 4, 6
2026/2/19, 64, 27, 38, 27, 4, 7
2026/2/20, 59, 42, 50, 39, 5, 8
2026/2/21, 85, 50, 61, 36, 5, 8
2026/2/22, 108, 93, 47, 16, 4, 6
2026/2/23, 78, 28, 44, 16, 4, 4
2026/2/24, 36, 29, 23, 38, 4, 6
2026/2/25, 63, 22, 40, 23, 4, 6
2026/2/26, 52, 29, 38, 23, 4, 5
2026/2/27, 50, 21, 35, 16, 3, 5
2026/2/28, 46, 25, 38, 14, 3, 5
2026/3/1, 54, 28, 39, 10, 3, 6
2026/3/2, 56, 16, 39, 8, 3, 5
2026/3/3, 39, 11, 37, 16, 3, 6
2026/3/4, 28, 21, 40, 17, 4, 6
2026/3/5, 40, 32, 39, 19, 4, 6
2026/3/6, 66, 29, 41, 11, 3, 6
2026/3/7, 65, 32, 43, 11, 3, 5
2026/3/8, 75, 26, 45, 15, 4, 5
2026/3/9, 63, 43, 43, 20, 4, 6
2026/3/10, 99, 58, 50, 34, 4, 7
2026/3/11, 142, 45, 48, 30, 4, 7
2026/3/12, 109, 33, 44, 27, 4, 6
2026/3/13, 77, 19, 40, 19, 3, 4
2026/3/14, 47, 29, 48, 24, 3, 6
2026/3/15, 68, 40, 51, 21, 4, 6
2026/3/16, 98, 49, 53, 26, 4, 7
2026/3/17, 116, 44, 56, 25, 5, 6
2026/3/18, 95, 37, 34, 23, 4, 6
2026/3/19, 92, 37, 44, 12, 4, 5
2026/3/20, 81, 42, 50, 25, 5, 6
2026/3/21, 73, 52, 59, 28, 4, 6
2026/3/22, 101, 40, 61, 27, 5, 7
2026/3/23, 83, 48, 62, 24, 5, 7
2026/3/24, 96, 77, 71, 23, 4, 9
2026/3/25, 160, 69, 60, 25, 6, 9
2026/3/26, 158, 56, 65, 24, 4, 7
2026/3/27, 116, 62, 93, 22, 7, 6
2026/3/28, 131, 59, 72, 16, 5, 6
2026/3/29, 123, 48, 69, 13, 4, 7
2026/3/30, 106, 52, 65, 34, 6, 7
2026/3/31, 109, 17, 58, 13, 4, 6
2026/4/1, 41, 36, 48, 15, 4, 7
2025/10/2, 68, 36, 59, 26, 4, 7
2025/10/3, 80, 18, 43, 12, 3, 7
2025/10/4, 56, 12, 38, 11, 3, 6
2025/10/5, 33, 19, 43, 8, 4, 7
2025/10/6, 52, 15, 35, 6, 3, 6
2025/10/7, 41, 10, 32, 7, 4, 6
2025/10/8, 21, 17, 31, 8, 3, 6
2025/10/9, 26, 18, 34, 5, 3, 3
2025/10/10, 27, 19, 37, 8, 3, 3
2025/10/11, 35, 24, 55, 17, 3, 6
2025/10/12, 55, 20, 28, 11, 3, 7
2025/10/13, 47, 12, 32, 10, 3, 7
2025/10/14, 25, 7, 31, 16, 3, 5
2025/10/15, 18, 18, 32, 13, 3, 4
2025/10/16, 37, 12, 31, 11, 2, 4
2025/10/17, 25, 19, 35, 11, 3, 3
2025/10/18, 41, 16, 28, 13, 3, 6
2025/10/19, 40, 19, 32, 10, 3, 6
2025/10/20, 44, 20, 30, 13, 3, 6
2025/10/21, 49, 13, 26, 16, 3, 6
2025/10/22, 32, 14, 32, 13, 2, 6
2025/10/23, 26, 16, 35, 17, 3, 7
2025/10/24, 44, 23, 35, 17, 3, 7
2025/10/25, 51, 19, 37, 17, 3, 8
2025/10/26, 48, 27, 46, 10, 4, 8
2025/10/27, 64, 28, 36, 13, 3, 9
2025/10/28, 58, 23, 35, 22, 4, 7
2025/10/29, 42, 32, 40, 29, 4, 8
2025/10/30, 70, 37, 31, 33, 4, 9
2025/10/31, 77, 34, 35, 29, 4, 9
2025/11/1, 77, 30, 40, 19, 3, 9
2025/11/2, 68, 29, 38, 10, 3, 9
2025/11/3, 51, 27, 33, 13, 3, 6
2025/11/4, 55, 38, 37, 30, 4, 10
2025/11/5, 82, 42, 40, 35, 5, 11
2025/11/6, 94, 46, 40, 35, 4, 12
2025/11/7, 101, 43, 44, 26, 4, 11
2025/11/8, 93, 40, 21, 31, 3, 11
2025/11/9, 86, 38, 43, 15, 3, 9
2025/11/10, 75, 30, 36, 14, 4, 8
2025/11/11, 49, 22, 29, 25, 4, 9
2025/11/12, 45, 39, 18, 37, 4, 10
2025/11/13, 77, 48, 54, 34, 5, 10
2025/11/14, 97, 46, 34, 30, 5, 10
2025/11/15, 83, 38, 37, 37, 4, 11
2025/11/16, 84, 34, 33, 32, 4, 11
2025/11/17, 83, 37, 28, 17, 3, 9
2025/11/18, 65, 28, 27, 15, 4, 7
2025/11/19, 61, 31, 31, 23, 4, 9
2025/11/20, 65, 43, 36, 28, 4, 10
2025/11/21, 83, 29, 34, 23, 4, 9
2025/11/22, 54, 38, 36, 30, 4, 10
2025/11/23, 77, 44, 41, 30, 4, 11
2025/11/24, 95, 48, 44, 46, 5, 12
2025/11/25, 98, 52, 31, 29, 4, 8
2025/11/26, 110, 50, 35, 27, 4, 9
2025/11/27, 112, 49, 31, 24, 4, 9
2025/11/28, 100, 21, 31, 18, 4, 7
2025/11/29, 51, 35, 31, 37, 5, 11
2025/11/30, 79, 44, 43, 41, 5, 13
2025/12/1, 86, 41, 34, 30, 4, 8
2025/12/2, 71, 35, 32, 18, 4, 6
2025/12/3, 62, 23, 28, 10, 3, 7
2025/12/4, 48, 23, 26, 20, 4, 7
2025/12/5, 56, 23, 27, 21, 4, 7
2025/12/6, 53, 30, 26, 32, 5, 9
2025/12/7, 65, 47, 47, 44, 5, 12
2025/12/8, 103, 39, 31, 26, 4, 8
2025/12/9, 76, 25, 30, 26, 5, 6
2025/12/10, 52, 46, 21, 43, 6, 8
2025/12/11, 93, 45, 35, 36, 5, 10
2025/12/12, 102, 24, 28, 20, 4, 7
2025/12/13, 59, 22, 20, 25, 3, 7
2025/12/14, 63, 18, 33, 11, 3, 7
2025/12/15, 57, 31, 30, 30, 4, 8
2025/12/16, 71, 49, 9, 44, 6, 10
2025/12/17, 99, 52, 36, 35, 5, 9
2025/12/18, 112, 41, 26, 39, 6, 8
2025/12/19, 83, 50, 12, 51, 7, 12
2025/12/20, 111, 62, 29, 54, 7, 14
2025/12/21, 145, 27, 30, 12, 4, 5
2025/12/22, 63, 31, 19, 32, 5, 7
2025/12/23, 67, 43, 7, 42, 6, 9
2025/12/24, 91, 27, 18, 28, 4, 7
2025/12/25, 76, 31, 31, 15, 4, 6
2025/12/26, 75, 18, 27, 12, 4, 5
2025/12/27, 44, 28, 26, 23, 4, 7
2025/12/28, 68, 37, 19, 36, 6, 9
2025/12/29, 85, , , , , 
2025/7/2, 51, 24, 40, 11, 4, 6
2025/7/3, 56, 31, 51, 12, 4, 5
2025/7/4, 77, 31, 53, 12, 5, 5
2025/7/5, 75, 25, 51, 9, 4, 6
2025/7/6, 67, 20, 44, 7, 4, 6
2025/7/7, 57, 32, 90, 13, 4, 6
2025/7/8, 69, 26, 49, 7, 3, 5
2025/7/9, 65, 18, 50, 9, 3, 4
2025/7/10, 50, 17, 41, 8, 3, 4
2025/7/11, 40, 24, 36, 9, 4, 4
2025/7/12, 43, 21, 43, 8, 4, 4
2025/7/13, 45, 25, 56, 9, 6, 7
2025/7/14, 57, 19, 60, 12, 4, 4
2025/7/15, 51, 20, 37, 16, 3, 4
2025/7/16, 38, 27, 43, 20, 3, 5
2025/7/17, 59, 21, 62, 19, 2, 5
2025/7/18, 45, 14, 48, 14, 3, 5
2025/7/19, 37, 7, 46, 12, 2, 4
2025/7/20, 24, 19, 26, 11, 4, 5
2025/7/21, 53, 22, 26, 13, 3, 4
2025/7/22, 40, 20, 45, 11, 3, 5
2025/7/23, 52, 31, 62, 16, 3, 4
2025/7/24, 82, 42, 75, 17, 4, 4
2025/7/25, 94, 20, 44, 15, 4, 5
2025/7/26, 47, 14, 37, 10, 4, 5
2025/7/27, 38, 14, 32, 7, 3, 4
2025/7/28, 33, 19, 70, 13, 4, 3
2025/7/29, 43, 25, 65, 14, 4, 9
2025/7/30, 55, 26, 61, 13, 4, 5
2025/7/31, 59, 22, 54, 10, 4, 4
2025/8/1, 55, 26, 91, 14, 4, 4
2025/8/2, 59, 29, 77, 13, 5, 6
2025/8/3, 69, 33, 53, 10, 4, 6
2025/8/4, 86, 15, 44, 10, 3, 6
2025/8/5, 39, 20, 42, 11, 3, 5
2025/8/6, 52, 19, 34, 9, 4, 6
2025/8/7, 45, 22, 46, 10, 3, 6
2025/8/8, 44, 26, 82, 12, 4, 6
2025/8/9, 60, 31, 37, 17, 4, 6
2025/8/10, 70, 17, 48, 7, 4, 5
2025/8/11, 48, 21, 44, 12, 3, 6
2025/8/12, 57, 15, 38, 12, 3, 6
2025/8/13, 31, 25, 29, 14, 3, 6
2025/8/14, 49, 21, 23, 10, 3, 5
2025/8/15, 40, , , , , 
2025/8/19, 71, 27, 38, 10, 4, 5
2025/8/20, 64, 25, 39, 10, 4, 4
2025/8/21, 64, 21, 52, 11, 4, 4
2025/8/22, 56, 27, 72, 16, 4, 4
2025/8/23, 67, 25, 50, 13, 4, 4
2025/8/24, 58, 23, 57, 9, 4, 4
2025/8/25, 60, 18, 49, 7, 4, 5
2025/8/26, 48, 12, 38, 10, 4, 4
2025/8/27, 28, 23, 77, 14, 4, 5
2025/8/28, 52, 24, 56, 11, 4, 6
2025/8/29, 53, 30, 37, 14, 4, 5
2025/8/30, 59, 20, 49, 12, 4, 4
2025/8/31, 48, 22, 35, 10, 5, 5
2025/9/1, 63, 14, 31, 10, 3, 4
2025/9/2, 35, 15, 42, 11, 4, 5
2025/9/3, 41, 21, 55, 11, 4, 7
2025/9/4, 55, 18, 45, 10, 3, 5
2025/9/5, 39, 17, 59, 12, 4, 5
2025/9/6, 37, 23, 44, 12, 3, 6
2025/9/7, 48, 16, 36, 9, 3, 5
2025/9/8, 38, 27, 38, 17, 4, 5
2025/9/9, 53, 14, 31, 16, 3, 4
2025/9/10, 34, 9, 36, 10, 2, 3
2025/9/11, 20, 25, 41, 13, 3, 4
2025/9/12, 48, 20, 34, 15, 3, 5
2025/9/13, 44, 16, 44, 11, 3, 5
2025/9/14, 45, 15, 42, 10, 3, 5
2025/9/15, 41, 25, 53, 17, 4, 5
2025/9/16, 56, 29, 54, 16, 4, 5
2025/9/17, 65, 18, 28, 15, 3, 5
2025/9/18, 42, 16, 33, 10, 3, 4
2025/9/19, 30, 18, 36, 10, 3, 4
2025/9/20, 32, 18, 37, 10, 4, 5
2025/9/21, 37, 15, 36, 10, 3, 4
2025/9/22, 34, 16, 41, 12, 2, 4
2025/9/23, 32, 21, 43, 14, 2, 4
2025/9/24, 37, 26, 54, 20, 4, 5
2025/9/25, 58, 18, 20, 17, 3, 5
2025/9/26, 44, 25, 77, 15, 3, 5
2025/9/27, 50, 24, 52, 10, 4, 6
2025/9/28, 58, 16, 39, 9, 4, 6
2025/9/29, 42, 18, 55, 13, 4, 5
2025/9/30, 45, 28, 54, 19, 4, 6
2025/10/1, 60, 30, 59, 22, 4, 6
2025/4/2, 83, 35, 50, 23, 4, 7
2025/4/3, 71, 29, 48, 19, 3, 6
2025/4/4, 67, 34, 64, 19, 4, 7
2025/4/5, 76, 31, 52, 18, 4, 6
2025/4/6, 68, 35, 56, 11, 4, 6
2025/4/7, 66, 40, 65, 25, 4, 7
2025/4/8, 64, 53, 77, 16, 4, 7
2025/4/9, 78, 57, 68, 15, 3, 7
2025/4/10, 85, 48, 74, 14, 3, 7
2025/4/11, 77, 42, 66, 26, 4, 8
2025/4/12, 83, 36, 59, 21, 4, 8
2025/4/13, 82, 40, 42, 6, 4, 6
2025/4/14, 49, 26, 39, 15, 4, 6
2025/4/15, 56, 19, 45, 16, 4, 6
2025/4/16, 45, 35, 83, 26, 4, 7
2025/4/17, 66, 44, 66, 13, 3, 6
2025/4/18, 67, 55, 79, 19, 4, 7
2025/4/19, 88, 38, 51, 14, 3, 6
2025/4/20, 65, 20, 45, 8, 3, 7
2025/4/21, 55, 30, 63, 16, 6, 9
2025/4/22, 65, 24, 26, 26, 4, 7
2025/4/23, 60, 23, 46, 11, 3, 6
2025/4/24, 37, 51, 71, 12, 3, 6
2025/4/25, 77, 57, 55, 11, 3, 5
2025/4/26, 90, 33, 70, 17, 3, 4
2025/4/27, 55, 32, 72, 15, 3, 5
2025/4/28, 59, 49, 60, 18, 4, 7
2025/4/29, 76, 60, 68, 14, 3, 6
2025/4/30, 86, 48, 82, 20, 3, 5
2025/5/1, 97, 41, 49, 17, 3, 6
2025/5/2, 77, 25, 51, 11, 2, 4
2025/5/3, 47, 20, 44, 17, 3, 5
2025/5/4, 57, 30, 50, 10, 2, 4
2025/5/5, 48, 27, 51, 16, 3, 5
2025/5/6, 55, 25, 35, 15, 3, 5
2025/5/7, 61, 31, 58, 18, 3, 4
2025/5/8, 70, 39, 72, 22, 3, 5
2025/5/9, 74, 20, 36, 23, 3, 5
2025/5/10, 54, 16, 47, 11, 3, 5
2025/5/11, 30, 24, 53, 11, 3, 5
2025/5/12, 57, 37, 79, 20, 3, 5
2025/5/13, 75, 46, 99, 27, 5, 7
2025/5/14, 100, 42, 75, 21, 4, 6
2025/5/15, 86, 31, 41, 13, 4, 5
2025/5/16, 67, 19, 30, 14, 4, 5
2025/5/17, 57, 16, 46, 7, 6, 4
2025/5/18, 46, 48, 50, 8, 2, 4
2025/5/19, 57, 37, 63, 16, 3, 4
2025/5/20, 64, 30, 55, 10, 3, 4
2025/5/21, 58, 20, 51, 13, 3, 5
2025/5/22, 49, 27, 45, 8, 3, 3
2025/5/23, 57, 25, 48, 6, 2, 3
2025/5/24, 60, 12, 40, 6, 2, 3
2025/5/25, 36, 17, 52, 7, 3, 5
2025/5/26, 48, 30, 84, 16, 4, 6
2025/5/27, 71, 38, 100, 18, 4, 6
2025/5/28, 85, 51, 116, 21, 4, 7
2025/5/29, 102, 35, 79, 14, 3, 6
2025/5/30, 73, 20, 57, 9, 3, 4
2025/5/31, 53, 26, 62, 14, 3, 4
2025/6/1, 58, 31, 82, 15, 4, 6
2025/6/2, 68, 44, 55, 22, 4, 7
2025/6/3, 97, 35, 71, 11, 4, 5
2025/6/4, 72, 31, 56, 13, 4, 3
2025/6/5, 46, 24, 66, 18, 3, 4
2025/6/6, 32, 40, 92, 23, 5, 5
2025/6/7, 59, 37, 106, 18, 6, 6
2025/6/8, 73, 35, 77, 10, 4, 6
2025/6/9, 61, 36, 86, 14, 4, 6
2025/6/10, 72, 34, 72, 15, 4, 5
2025/6/11, 52, 22, 69, 12, 3, 4
2025/6/12, 47, 36, 102, 22, 4, 6
2025/6/13, 52, 35, 47, 28, 4, 6
2025/6/14, 84, 15, 41, 15, 3, 7
2025/6/15, 32, 27, 47, 9, 4, 7
2025/6/16, 29, 20, 53, 11, 4, 7
2025/6/17, 44, 37, 66, 12, 4, 6
2025/6/18, 66, 41, 85, 12, 4, 6
2025/6/19, 81, 34, 62, 17, 4, 4
2025/6/20, 92, 10, 19, 5, 3, 2
2025/6/21, 14, 11, 40, 8, 3, 4
2025/6/22, 26, 17, 52, 8, 3, 3
2025/6/23, 39, 31, 85, 14, 4, 5
2025/6/24, 65, 29, 51, 19, 6, 7
2025/6/25, 72, 20, 49, 10, 3, 5
2025/6/26, 54, 33, 56, 10, 4, 5
2025/6/27, 77, 34, 69, 17, 4, 5
2025/6/28, 77, 41, 111, 15, 4, 7
2025/6/29, 101, 26, 47, 8, 4, 6
2025/6/30, 73, 19, 42, 10, 4, 5
2025/7/1, 56, 21, 38, 10, 4, 6
2025/1/2, 66, 42, 33, 38, 5, 10
2025/1/3, 81, 26, 32, 26, 4, 7
2025/1/4, 58, 24, 33, 25, 4, 7
2025/1/5, 53, 40, 27, 38, 5, 10
2025/1/6, 78, 49, 33, 28, 5, 11
2025/1/7, 111, 24, 30, 17, 5, 8
2025/1/8, 55, 24, 27, 20, 4, 8
2025/1/9, 59, 22, 30, 11, 2, 7
2025/1/10, 47, 26, 31, 20, 4, 7
2025/1/11, 57, 27, 34, 21, 4, 9
2025/1/12, 68, 37, 38, 22, 4, 10
2025/1/13, 92, 50, 34, 42, 5, 11
2025/1/14, 117, 56, 39, 41, 5, 11
2025/1/15, 116, 36, 32, 15, 3, 7
2025/1/16, 59, 33, 27, 25, 4, 7
2025/1/17, 69, 49, 30, 41, 5, 10
2025/1/18, 98, 49, 30, 43, 5, 12
2025/1/19, 107, 38, 34, 35, 5, 10
2025/1/20, 86, 53, 45, 50, 5, 11
2025/1/21, 123, 67, 42, 49, 5, 12
2025/1/22, 156, 69, 40, 56, 5, 13
2025/1/23, 157, 56, 31, 48, 6, 12
2025/1/24, 122, 44, 42, 39, 5, 10
2025/1/25, 100, 30, 36, 27, 3, 8
2025/1/26, 69, 19, 39, 18, 2, 7
2025/1/27, 51, 28, 33, 15, 3, 8
2025/1/28, 63, 19, 36, 8, 2, 7
2025/1/29, 49, 17, 38, 7, 2, 7
2025/1/30, 51, 27, 39, 17, 3, 7
2025/1/31, 67, 42, 26, 43, 4, 11
2025/2/1, 92, 33, 21, 28, 3, 9
2025/2/2, 83, 24, 29, 13, 2, 6
2025/2/3, 68, 27, 35, 9, 2, 6
2025/2/4, 74, 15, 34, 9, 2, 6
2025/2/5, 44, 18, 35, 13, 3, 8
2025/2/6, 51, 23, 35, 20, 3, 8
2025/2/7, 50, 31, 35, 16, 3, 8
2025/2/8, 57, 22, 34, 12, 3, 8
2025/2/9, 52, 23, 38, 14, 3, 8
2025/2/10, 55, 28, 36, 26, 3, 9
2025/2/11, 69, 46, 37, 42, 5, 11
2025/2/12, 95, 40, 39, 43, 4, 12
2025/2/13, 96, 29, 35, 19, 4, 8
2025/2/14, 48, 49, 40, 39, 5, 11
2025/2/15, 79, 60, 35, 43, 6, 12
2025/2/16, 119, 56, 53, 28, 4, 11
2025/2/17, 109, 41, 40, 12, 3, 8
2025/2/18, 62, 26, 36, 14, 3, 9
2025/2/19, 52, 21, 37, 14, 3, 9
2025/2/20, 52, 28, 36, 16, 4, 9
2025/2/21, 55, 26, 37, 16, 4, 9
2025/2/22, 58, 26, 39, 15, 3, 9
2025/2/23, 65, 30, 39, 10, 3, 9
2025/2/24, 67, 27, 39, 18, 4, 9
2025/2/25, 61, 31, 39, 28, 4, 10
2025/2/26, 60, 45, 50, 27, 4, 10
2025/2/27, 91, 52, 56, 42, 5, 11
2025/2/28, 90, 35, 51, 31, 7, 11
2025/3/1, 68, 42, 34, 38, 4, 13
2025/3/2, 92, 46, 54, 20, 3, 12
2025/3/3, 110, 14, 41, 9, 3, 9
2025/3/4, 31, 11, 40, 14, 3, 8
2025/3/5, 28, 15, 35, 20, 3, 10
2025/3/6, 36, 15, 36, 16, 3, 9
2025/3/7, 44, 27, 44, 21, 3, 10
2025/3/8, 67, 30, 45, 20, 3, 10
2025/3/9, 71, 37, 60, 19, 3, 11
2025/3/10, 89, 44, 51, 33, 4, 11
2025/3/11, 96, 48, 66, 41, 5, 12
2025/3/12, 98, 47, 52, 34, 4, 12
2025/3/13, 92, 53, 42, 18, 4, 11
2025/3/14, 73, 43, 42, 21, 5, 11
2025/3/15, 59, 24, 39, 9, 4, 10
2025/3/16, 49, 22, 45, 9, 4, 10
2025/3/17, 54, 34, 44, 13, 4, 10
2025/3/18, 73, 29, 42, 20, 3, 10
2025/3/19, 72, 45, 50, 22, 4, 9
2025/3/20, 105, 47, 77, 26, 4, 10
2025/3/21, 96, 51, 67, 26, 4, 10
2025/3/22, 94, 52, 78, 27, 5, 10
2025/3/23, 90, 52, 91, 21, 5, 10
2025/3/24, 93, 64, 80, 27, 7, 12
2025/3/25, 101, 81, 74, 23, 4, 9
2025/3/26, 115, 57, 78, 17, 3, 7
2025/3/27, 62, 38, 47, 16, 4, 9
2025/3/28, 77, 50, 41, 11, 3, 7
2025/3/29, 82, 27, 45, 11, 3, 6
2025/3/30, 51, 23, 44, 7, 3, 6
2025/3/31, 49, 37, 53, 23, 3, 7
2025/4/1, 71, 40, 55, 27, 3, 7
2024/10/2, 52, 20, 39, 12, 3, 5
2024/10/3, 33, 17, 33, 16, 3, 5
2024/10/4, 33, 15, 38, 14, 3, 6
2024/10/5, 34, 19, 46, 15, 3, 6
2024/10/6, 45, 16, 33, 16, 3, 6
2024/10/7, 40, 19, 34, 19, 3, 6
2024/10/8, 46, 40, 51, 22, 3, 6
2024/10/9, 90, 17, 39, 15, 3, 5
2024/10/10, 39, 22, 42, 22, 3, 5
2024/10/11, 45, 26, 52, 27, 3, 6
2024/10/12, 59, 31, 66, 25, 3, 6
2024/10/13, 68, 23, 47, 14, 3, 6
2024/10/14, 56, 23, 27, 28, 3, 5
2024/10/15, 46, 23, 14, 24, 3, 7
2024/10/16, 62, 28, 39, 17, 3, 5
2024/10/17, 56, 32, 35, 17, 3, 6
2024/10/18, 57, 26, 23, 21, 3, 5
2024/10/19, 53, 12, 31, 9, 3, 4
2024/10/20, 24, 18, 32, 5, 2, 5
2024/10/21, 31, 25, 23, 22, 3, 6
2024/10/22, 40, 21, 5, 25, 4, 7
2024/10/23, 51, 19, 39, 14, 3, 5
2024/10/24, 35, 24, 37, 22, 3, 5
2024/10/25, 48, 27, 37, 22, 3, 5
2024/10/26, 57, 26, 39, 19, 3, 6
2024/10/27, 54, 22, 21, 21, 3, 6
2024/10/28, 46, 26, 32, 19, 3, 6
2024/10/29, 64, 22, 26, 20, 3, 5
2024/10/30, 37, 23, 39, 25, 4, 6
2024/10/31, 52, 36, 37, 30, 4, 8
2024/11/1, 76, 29, 11, 26, 3, 6
2024/11/2, 70, 17, 35, 17, 3, 4
2024/11/3, 35, 28, 38, 19, 3, 7
2024/11/4, 56, 29, 44, 19, 3, 7
2024/11/5, 60, 29, 40, 18, 3, 7
2024/11/6, 60, 26, 34, 22, 4, 7
2024/11/7, 46, 41, 30, 40, 4, 8
2024/11/8, 77, 37, 37, 31, 4, 8
2024/11/9, 70, 26, 34, 19, 3, 8
2024/11/10, 59, 27, 16, 25, 3, 10
2024/11/11, 60, 34, 37, 27, 3, 8
2024/11/12, 62, 37, 37, 28, 3, 8
2024/11/13, 72, 40, 36, 27, 4, 7
2024/11/14, 74, 45, 20, 35, 4, 7
2024/11/15, 77, 48, 15, 33, 3, 8
2024/11/16, 88, 39, 39, 29, 19, 8
2024/11/17, 78, 24, 32, 14, 39, 6
2024/11/18, 50, 22, 28, 17, 8, 5
2024/11/19, 46, 30, 31, 34, 8, 6
2024/11/20, 60, 38, 33, 29, 8, 7
2024/11/21, 73, 50, 32, 38, 5, 8
2024/11/22, 96, 38, 33, 30, 4, 7
2024/11/23, 76, 30, 30, 26, 3, 7
2024/11/24, 61, 22, 31, 24, 3, 7
2024/11/25, 52, 30, 30, 28, 4, 8
2024/11/26, 62, 21, 36, 21, 4, 6
2024/11/27, 49, 15, 35, 15, 4, 5
2024/11/28, 32, 21, 32, 16, 4, 5
2024/11/29, 45, 23, 28, 15, 4, 6
2024/11/30, 50, 24, 31, 17, 3, 6
2024/12/1, 47, 31, 29, 30, 4, 8
2024/12/2, 62, 45, 51, 33, 5, 9
2024/12/3, 90, 27, 33, 20, 4, 7
2024/12/4, 48, 27, 30, 29, 4, 7
2024/12/5, 60, 35, 33, 28, 5, 8
2024/12/6, 71, 24, 31, 18, 4, 7
2024/12/7, 52, 24, 29, 13, 4, 6
2024/12/8, 49, 20, 33, 12, 4, 7
2024/12/9, 50, 31, 32, 27, 4, 8
2024/12/10, 58, 30, 33, 32, 4, 8
2024/12/11, 61, 43, 27, 36, 5, 10
2024/12/12, 92, 44, 33, 31, 5, 10
2024/12/13, 90, 26, 28, 28, 5, 7
2024/12/14, 59, 27, 33, 18, 4, 6
2024/12/15, 58, 22, 33, 18, 4, 6
2024/12/16, 54, 24, 30, 26, 5, 6
2024/12/17, 54, 25, 33, 22, 4, 6
2024/12/18, 61, 24, 28, 17, 3, 6
2024/12/19, 60, 33, 24, 29, 6, 9
2024/12/20, 74, 39, 21, 38, 5, 9
2024/12/21, 76, 36, 30, 25, 4, 9
2024/12/22, 88, 21, 31, 11, 4, 7
2024/12/23, 56, 27, 30, 28, 4, 8
2024/12/24, 55, 29, 32, 31, 4, 9
2024/12/25, 67, 34, 33, 33, 4, 10
2024/12/26, 71, 44, 33, 29, 4, 9
2024/12/27, 87, 27, 32, 18, 3, 8
2024/12/28, 56, 29, 30, 13, 4, 6
2024/12/29, 67, 25, 31, 26, 4, 8
2024/12/30, 60, , , , , 
2024/7/2, 52, 20, 36, 13, 3, 6
2024/7/3, 51, 17, 53, 10, 3, 5
2024/7/4, 38, 28, 68, 15, 3, 6
2024/7/5, 66, 23, 32, 7, 4, 6
2024/7/6, 58, 21, 36, 13, 4, 6
2024/7/7, 52, 24, 44, 6, 3, 5
2024/7/8, 58, 31, 36, 17, 4, 6
2024/7/9, 69, 8, 32, 17, 3, 4
2024/7/10, 29, 14, 35, 14, 4, 5
2024/7/11, 28, 26, 58, 15, 4, 7
2024/7/12, 63, 34, 87, 19, 4, 7
2024/7/13, 77, 38, 60, 16, 4, 8
2024/7/14, 88, 15, 33, 6, 2, 6
2024/7/15, 34, 18, 32, 6, 3, 6
2024/7/16, 41, 19, 35, 11, 3, 7
2024/7/17, 41, 18, 25, 11, 4, 5
2024/7/18, 35, 17, 36, 8, 4, 5
2024/7/19, 35, 19, 39, 12, 4, 6
2024/7/20, 47, 22, 38, 12, 3, 6
2024/7/21, 49, 14, 36, 6, 3, 5
2024/7/22, 34, 17, 30, 8, 4, 5
2024/7/23, 37, 14, 22, 7, 4, 4
2024/7/24, 28, 15, 25, 11, 4, 5
2024/7/25, 29, 22, 27, 12, 4, 5
2024/7/26, 35, 17, 28, 11, 4, 4
2024/7/27, 40, 19, 20, 7, 3, 4
2024/7/28, 31, 18, 27, 5, 3, 4
2024/7/29, 33, 17, 26, 7, 3, 4
2024/7/30, 28, 15, 36, 9, 3, 4
2024/7/31, 25, 16, 39, 10, 3, 4
2024/8/1, 29, 15, 35, 8, 4, 5
2024/8/2, 39, 20, 62, 10, 4, 5
2024/8/3, 54, 22, 48, 9, 4, 5
2024/8/4, 60, 25, 56, 9, 4, 7
2024/8/5, 69, 25, 70, 11, 5, 7
2024/8/6, 62, 16, 55, 10, 4, 5
2024/8/7, 39, 20, 55, 8, 5, 5
2024/8/8, 51, 21, 52, 14, 4, 6
2024/8/9, 56, 24, 83, 15, 6, 6
2024/8/10, 62, 23, 65, 11, 5, 6
2024/8/11, 60, 16, 57, 6, 5, 6
2024/8/12, 42, 20, 78, 10, 5, 7
2024/8/13, 50, 19, 44, 12, 4, 5
2024/8/14, 44, 17, 37, 10, 3, 6
2024/8/15, 38, 16, 35, 7, 3, 5
2024/8/16, 23, 16, 36, 9, 3, 5
2024/8/17, 23, 16, 36, 9, 3, 6
2024/8/18, 35, 17, 42, 7, 3, 6
2024/8/19, 38, 28, 63, 12, 4, 6
2024/8/20, 59, 18, 28, 12, 3, 5
2024/8/21, 45, 10, 24, 11, 2, 5
2024/8/22, 20, 16, 28, 9, 3, 5
2024/8/23, 28, 23, 67, 13, 3, 6
2024/8/24, 39, 34, 87, 15, 3, 7
2024/8/25, 70, 26, 81, 9, 3, 7
2024/8/26, 74, 38, 86, 15, 4, 8
2024/8/27, 90, 24, 47, 12, 3, 6
2024/8/28, 61, 14, 46, 12, 3, 4
2024/8/29, 27, 10, 36, 10, 3, 5
2024/8/30, 16, 11, 37, 10, 3, 4
2024/8/31, 20, 24, 71, 13, 4, 6
2024/9/1, 55, 22, 62, 10, 4, 6
2024/9/2, 52, 33, 78, 16, 4, 7
2024/9/3, 71, 16, 38, 8, 3, 5
2024/9/4, 31, 19, 56, 14, 4, 5
2024/9/5, 31, 25, 80, 16, 4, 6
2024/9/6, 47, 17, 40, 12, 3, 6
2024/9/7, 42, 21, 45, 12, 3, 7
2024/9/8, 50, 25, 42, 10, 3, 8
2024/9/9, 63, 19, 50, 9, 3, 6
2024/9/10, 41, 25, 63, 14, 3, 6
2024/9/11, 44, 30, 41, 22, 4, 6
2024/9/12, 50, 23, 40, 10, 4, 6
2024/9/13, 55, 30, 58, 16, 3, 6
2024/9/14, 67, 28, 69, 15, 4, 6
2024/9/15, 65, 14, 26, 6, 3, 6
2024/9/16, 31, 7, 29, 5, 2, 5
2024/9/17, 10, 10, 40, 7, 3, 6
2024/9/18, 17, 17, 35, 7, 3, 6
2024/9/19, 31, 20, 54, 14, 4, 5
2024/9/20, 46, 22, 19, 17, 3, 5
2024/9/21, 46, 5, 32, 6, 3, 3
2024/9/22, 7, 8, 27, 6, 3, 4
2024/9/23, 13, 15, 39, 9, 3, 3
2024/9/24, 21, 18, 38, 16, 3, 4
2024/9/25, 29, 18, 43, 13, 3, 5
2024/9/26, 32, 22, 71, 23, 3, 5
2024/9/27, 46, 24, 54, 19, 3, 6
2024/9/28, 52, 16, 37, 12, 2, 5
2024/9/29, 27, 14, 39, 8, 2, 5
2024/9/30, 26, 18, 47, 23, 4, 5
2024/10/1, 37, 22, 50, 18, 4, 6
2024/4/2, 64, 49, 63, 36, 5, 7
2024/4/3, 77, 18, 45, 15, 2, 7
2024/4/4, 47, 39, 49, 13, 2, 6
2024/4/5, 71, 39, 55, 15, 4, 6
2024/4/6, 65, 47, 58, 26, 4, 7
2024/4/7, 78, 48, 76, 22, 3, 6
2024/4/8, 81, 63, 73, 40, 4, 8
2024/4/9, 101, 41, 73, 10, 3, 5
2024/4/10, 70, 37, 63, 18, 4, 6
2024/4/11, 59, 43, 53, 31, 3, 6
2024/4/12, 77, 52, 66, 31, 3, 7
2024/4/13, 101, 47, 78, 29, 3, 6
2024/4/14, 88, 31, 69, 19, 3, 5
2024/4/15, 63, 28, 42, 26, 3, 6
2024/4/16, 62, 54, 48, 17, 2, 5
2024/4/17, 77, 120, 62, 21, 3, 6
2024/4/18, 116, 127, 60, 15, 3, 6
2024/4/19, 126, 118, 79, 27, 4, 6
2024/4/20, 124, 61, 39, 19, 4, 7
2024/4/21, 98, 21, 46, 9, 3, 5
2024/4/22, 48, 36, 46, 12, 2, 5
2024/4/23, 65, 28, 50, 9, 2, 4
2024/4/24, 51, 21, 46, 14, 2, 5
2024/4/25, 49, 56, 52, 27, 3, 5
2024/4/26, 71, 64, 87, 31, 5, 6
2024/4/27, 97, 54, 89, 27, 3, 7
2024/4/28, 95, 56, 89, 19, 3, 6
2024/4/29, 96, 33, 51, 10, 2, 5
2024/4/30, 69, 29, 45, 15, 2, 6
2024/5/1, 69, 25, 48, 9, 2, 4
2024/5/2, 54, 31, 45, 21, 2, 4
2024/5/3, 58, 38, 88, 24, 3, 5
2024/5/4, 68, 38, 80, 22, 3, 5
2024/5/5, 84, 20, 39, 12, 3, 4
2024/5/6, 51, 17, 51, 9, 2, 6
2024/5/7, 38, 20, 47, 11, 2, 6
2024/5/8, 51, 19, 39, 11, 2, 4
2024/5/9, 40, 29, 58, 20, 2, 5
2024/5/10, 59, 45, 102, 26, 4, 5
2024/5/11, 78, 24, 49, 12, 3, 5
2024/5/12, 51, 69, 55, 11, 2, 5
2024/5/13, 78, 41, 64, 18, 3, 4
2024/5/14, 63, 42, 85, 28, 3, 5
2024/5/15, 74, 34, 82, 22, 3, 5
2024/5/16, 66, 21, 69, 13, 3, 4
2024/5/17, 33, 35, 67, 21, 3, 5
2024/5/18, 72, 32, 77, 23, 3, 5
2024/5/19, 61, 29, 72, 14, 3, 5
2024/5/20, 61, 31, 58, 18, 3, 5
2024/5/21, 61, 37, 47, 9, 2, 5
2024/5/22, 74, 41, 94, 18, 3, 6
2024/5/23, 79, 42, 81, 18, 3, 5
2024/5/24, 79, 41, 65, 18, 3, 5
2024/5/25, 70, 24, 48, 9, 3, 4
2024/5/26, 36, 26, 48, 9, 3, 5
2024/5/27, 52, 27, 54, 9, 3, 4
2024/5/28, 34, 24, 44, 14, 3, 4
2024/5/29, 41, 27, 74, 21, 3, 4
2024/5/30, 54, 43, 78, 28, 3, 6
2024/5/31, 85, 26, 73, 17, 4, 5
2024/6/1, 58, 21, 58, 9, 3, 5
2024/6/2, 52, 24, 50, 8, 3, 5
2024/6/3, 52, 22, 45, 8, 3, 5
2024/6/4, 49, 18, 49, 11, 2, 4
2024/6/5, 42, 26, 55, 14, 3, 5
2024/6/6, 51, 25, 67, 14, 3, 4
2024/6/7, 58, 36, 79, 17, 4, 4
2024/6/8, 74, 15, 45, 11, 3, 4
2024/6/9, 42, 16, 51, 10, 2, 4
2024/6/10, 33, 33, 79, 16, 3, 5
2024/6/11, 69, 51, 118, 20, 5, 7
2024/6/12, 94, 44, 101, 17, 5, 6
2024/6/13, 81, 46, 132, 22, 5, 6
2024/6/14, 91, 43, 109, 15, 4, 6
2024/6/15, 85, 34, 75, 15, 4, 5
2024/6/16, 75, 24, 67, 9, 2, 4
2024/6/17, 53, 30, 77, 20, 3, 4
2024/6/18, 50, 33, 104, 17, 3, 4
2024/6/19, 66, 42, 121, 21, 4, 5
2024/6/20, 83, 34, 60, 21, 5, 5
2024/6/21, 70, 34, 74, 16, 4, 5
2024/6/22, 75, 23, 33, 19, 3, 6
2024/6/23, 58, 19, 37, 13, 3, 6
2024/6/24, 47, 34, 74, 14, 3, 6
2024/6/25, 72, 42, 64, 12, 3, 4
2024/6/26, 66, 27, 100, 19, 3, 4
2024/6/27, 61, 42, 65, 29, 4, 5
2024/6/28, 85, 31, 94, 16, 3, 5
2024/6/29, 75, 18, 53, 11, 3, 5
2024/6/30, 40, 11, 28, 8, 3, 5
2024/7/1, 18, 21, 70, 11, 3, 5
2024/1/2, 75, 41, 31, 29, 4, 7
2024/1/3, 88, 46, 31, 23, 4, 6
2024/1/4, 105, 46, 27, 30, 4, 7
2024/1/5, 93, 56, 29, 41, 5, 10
2024/1/6, 118, 44, 31, 33, 4, 7
2024/1/7, 97, 27, 30, 11, 4, 6
2024/1/8, 61, 29, 24, 27, 4, 6
2024/1/9, 57, 48, 10, 45, 6, 8
2024/1/10, 96, 44, 22, 32, 4, 7
2024/1/11, 109, 48, 29, 30, 4, 6
2024/1/12, 123, 49, 32, 36, 4, 8
2024/1/13, 96, 35, 32, 27, 4, 5
2024/1/14, 65, 39, 43, 30, 4, 7
2024/1/15, 85, 32, 31, 17, 3, 6
2024/1/16, 72, 37, 23, 35, 4, 7
2024/1/17, 69, 61, 5, 48, 6, 10
2024/1/18, 127, 45, 34, 32, 4, 10
2024/1/19, 113, 28, 35, 13, 2, 4
2024/1/20, 56, 13, 31, 16, 2, 3
2024/1/21, 36, 14, 27, 15, 2, 4
2024/1/22, 40, 23, 32, 10, 2, 4
2024/1/23, 57, 22, 32, 11, 3, 4
2024/1/24, 52, 25, 30, 13, 3, 5
2024/1/25, 53, 28, 31, 21, 4, 5
2024/1/26, 62, 37, 35, 25, 4, 5
2024/1/27, 79, 48, 37, 33, 5, 7
2024/1/28, 104, 41, 39, 21, 4, 6
2024/1/29, 90, 41, 33, 36, 4, 7
2024/1/30, 87, 62, 24, 44, 5, 9
2024/1/31, 134, 62, 31, 53, 6, 10
2024/2/1, 136, 48, 38, 29, 4, 6
2024/2/2, 119, 18, 31, 14, 2, 5
2024/2/3, 49, 26, 30, 14, 3, 5
2024/2/4, 57, 16, 35, 12, 3, 4
2024/2/5, 43, 11, 35, 16, 2, 4
2024/2/6, 29, 17, 32, 17, 2, 4
2024/2/7, 48, 32, 34, 21, 3, 5
2024/2/8, 76, 43, 34, 29, 3, 6
2024/2/9, 104, 42, 42, 27, 3, 6
2024/2/10, 108, 42, 51, 18, 3, 5
2024/2/11, 97, 58, 47, 21, 3, 7
2024/2/12, 146, 55, 38, 28, 4, 7
2024/2/13, 129, 49, 47, 40, 5, 9
2024/2/14, 95, 49, 27, 50, 5, 11
2024/2/15, 95, 32, 33, 21, 4, 6
2024/2/16, 68, 26, 37, 21, 3, 5
2024/2/17, 57, 40, 38, 33, 4, 7
2024/2/18, 86, 49, 30, 37, 4, 8
2024/2/19, 110, 27, 26, 29, 4, 8
2024/2/20, 62, 13, 34, 12, 3, 4
2024/2/21, 32, 7, 35, 11, 2, 4
2024/2/22, 21, 12, 34, 12, 2, 4
2024/2/23, 28, 16, 34, 13, 1, 4
2024/2/24, 38, 21, 36, 8, 2, 4
2024/2/25, 41, 13, 28, 11, 2, 4
2024/2/26, 46, 20, 37, 16, 2, 4
2024/2/27, 51, 32, 37, 21, 2, 5
2024/2/28, 64, 39, 36, 30, 3, 6
2024/2/29, 69, 31, 25, 30, 3, 6
2024/3/1, 70, 37, 39, 13, 3, 4
2024/3/2, 61, 36, 39, 10, 3, 4
2024/3/3, 55, 51, 48, 16, 3, 5
2024/3/4, 97, 69, 48, 37, 3, 8
2024/3/5, 141, 18, 41, 19, 2, 4
2024/3/6, 51, 25, 36, 18, 2, 4
2024/3/7, 52, 31, 41, 15, 2, 4
2024/3/8, 62, 42, 40, 18, 3, 5
2024/3/9, 80, 32, 41, 18, 3, 4
2024/3/10, 65, 34, 46, 23, 3, 6
2024/3/11, 74, 39, 46, 35, 4, 6
2024/3/12, 80, 33, 39, 27, 3, 5
2024/3/13, 67, 39, 52, 22, 3, 6
2024/3/14, 81, 53, 60, 33, 4, 6
2024/3/15, 100, 49, 60, 34, 4, 6
2024/3/16, 94, 52, 75, 30, 4, 6
2024/3/17, 94, 55, 53, 12, 3, 5
2024/3/18, 75, 63, 44, 21, 3, 5
2024/3/19, 73, 51, 47, 17, 3, 5
2024/3/20, 67, 36, 43, 12, 2, 5
2024/3/21, 71, 33, 47, 17, 3, 5
2024/3/22, 69, 40, 51, 18, 2, 5
2024/3/23, 70, 38, 55, 13, 2, 6
2024/3/24, 63, 33, 46, 8, 2, 6
2024/3/25, 59, 20, 43, 13, 2, 5
2024/3/26, 42, 10, 37, 15, 2, 5
2024/3/27, 22, 27, 42, 24, 2, 6
2024/3/28, 61, 28, 20, 23, 2, 5
2024/3/29, 58, 76, 50, 15, 2, 5
2024/3/30, 71, 68, 35, 32, 3, 6
2024/3/31, 85, 59, 47, 20, 3, 6
2024/4/1, 78, 45, 51, 28, 4, 6
2023/10/2, 52, 22, 40, 14, 2, 3
2023/10/3, 44, 27, 21, 21, 2, 5
2023/10/4, 60, 30, 46, 19, 3, 5
2023/10/5, 68, 35, 37, 14, 2, 4
2023/10/6, 47, 30, 42, 28, 2, 5
2023/10/7, 50, 30, 37, 19, 2, 4
2023/10/8, 61, 18, 34, 12, 2, 4
2023/10/9, 36, 19, 32, 18, 2, 3
2023/10/10, 39, 21, 37, 16, 2, 4
2023/10/11, 45, 24, 33, 18, 1, 4
2023/10/12, 53, 25, 38, 25, 3, 5
2023/10/13, 56, 31, 31, 21, 2, 5
2023/10/14, 66, 29, 40, 18, 2, 5
2023/10/15, 69, 16, 46, 10, 2, 4
2023/10/16, 49, 27, 39, 21, 3, 6
2023/10/17, 46, 22, 32, 16, 3, 4
2023/10/18, 31, 20, 36, 21, 2, 5
2023/10/19, 42, 25, 44, 19, 3, 6
2023/10/20, 58, 9, 30, 10, 2, 3
2023/10/21, 18, 24, 30, 19, 2, 5
2023/10/22, 40, 24, 35, 20, 1, 4
2023/10/23, 49, 36, 44, 31, 4, 6
2023/10/24, 69, 44, 53, 36, 3, 6
2023/10/25, 90, 42, 50, 33, 2, 6
2023/10/26, 86, 54, 74, 39, 3, 7
2023/10/27, 107, 44, 38, 29, 1, 7
2023/10/28, 94, 30, 47, 21, 2, 6
2023/10/29, 66, 30, 44, 18, 2, 5
2023/10/30, 62, 39, 48, 30, 2, 7
2023/10/31, 76, 51, 64, 39, 3, 6
2023/11/1, 102, 49, 56, 48, 4, 7
2023/11/2, 115, 54, 55, 47, 3, 9
2023/11/3, 115, 45, 41, 36, 4, 6
2023/11/4, 84, 37, 42, 21, 2, 5
2023/11/5, 78, 28, 40, 11, 3, 5
2023/11/6, 72, 20, 38, 9, 2, 3
2023/11/7, 34, 26, 35, 14, 2, 3
2023/11/8, 44, 40, 28, 37, 2, 5
2023/11/9, 70, 44, 38, 42, 3, 7
2023/11/10, 98, 25, 29, 20, 2, 5
2023/11/11, 61, 24, 23, 21, 2, 4
2023/11/12, 55, 23, 34, 12, 1, 4
2023/11/13, 54, 24, 31, 22, 2, 5
2023/11/14, 55, 28, 33, 28, 3, 5
2023/11/15, 57, 43, 34, 33, 3, 7
2023/11/16, 90, 54, 7, 43, 3, 8
2023/11/17, 130, 27, 29, 21, 2, 4
2023/11/18, 62, 22, 33, 12, 2, 2
2023/11/19, 53, 30, 38, 23, 3, 4
2023/11/20, 62, 40, 28, 26, 3, 6
2023/11/21, 70, 50, 27, 44, 5, 8
2023/11/22, 98, 56, 29, 46, 4, 9
2023/11/23, 112, 51, 50, 37, 5, 9
2023/11/24, 98, 26, 31, 14, 1, 3
2023/11/25, 49, 24, 25, 21, 2, 4
2023/11/26, 49, 32, 30, 31, 2, 6
2023/11/27, 73, 46, 19, 37, 3, 7
2023/11/28, 86, 37, 28, 23, 2, 5
2023/11/29, 72, 28, 26, 23, 3, 4
2023/11/30, 71, 20, 27, 12, 2, 4
2023/12/1, 47, 24, 28, 16, 2, 4
2023/12/2, 57, 35, 30, 29, 3, 6
2023/12/3, 72, 35, 35, 27, 3, 6
2023/12/4, 77, 50, 20, 43, 4, 8
2023/12/5, 90, 53, 17, 46, 5, 9
2023/12/6, 104, 62, 41, 52, 5, 10
2023/12/7, 136, 57, 34, 24, 3, 5
2023/12/8, 86, 65, 48, 40, 4, 8
2023/12/9, 94, 60, 41, 44, 3, 9
2023/12/10, 98, 61, 40, 20, 3, 9
2023/12/11, 115, 39, 30, 26, 2, 7
2023/12/12, 74, 12, 29, 13, 1, 3
2023/12/13, 25, 24, 24, 24, 2, 5
2023/12/14, 51, 28, 24, 27, 2, 6
2023/12/15, 65, 12, 27, 19, 1, 4
2023/12/16, 32, 13, 29, 8, 1, 4
2023/12/17, 31, 9, 27, 3, 1, 3
2023/12/18, 32, 12, 23, 11, 2, 3
2023/12/19, 34, 16, 19, 22, 3, 4
2023/12/20, 37, 33, 29, 21, 3, 5
2023/12/21, 85, 24, 27, 15, 3, 4
2023/12/22, 54, 25, 28, 16, 3, 4
2023/12/23, 57, 28, 29, 27, 3, 5
2023/12/24, 61, 34, 29, 33, 3, 7
2023/12/25, 80, 43, 32, 32, 3, 7
2023/12/26, 94, 47, 21, 37, 5, 9
2023/12/27, 102, 57, 21, 50, 6, 10
2023/12/28, 118, 60, 33, 41, 6, 8
2023/12/29, 138, 64, 30, 42, 6, 8
2023/12/30, 152, 67, 16, 40, 3, 9
2023/12/31, 159, 48, 33, 25, 3, 8
2024/1/1, 116, 31, 29, 28, 2, 7
2023/7/2, 62, 36, 72, 8, 2, 5
2023/7/3, 81, 41, 94, 16, 3, 7
2023/7/4, 86, 24, 38, 14, 2, 5
2023/7/5, 59, 23, 54, 15, 1, 5
2023/7/6, 39, 47, 87, 26, 3, 5
2023/7/7, 76, 38, 44, 21, 1, 5
2023/7/8, 73, 34, 39, 18, 1, 6
2023/7/9, 68, 44, 48, 9, 2, 6
2023/7/10, 83, 38, 46, 11, 1, 5
2023/7/11, 79, 27, 31, 15, 2, 4
2023/7/12, 57, 23, 41, 17, 2, 4
2023/7/13, 41, 35, 18, 19, 2, 4
2023/7/14, 66, 16, 24, 14, 2, 3
2023/7/15, 30, 18, 33, 9, 2, 3
2023/7/16, 34, 21, 35, 12, 1, 4
2023/7/17, 43, 15, 23, 11, 1, 3
2023/7/18, 26, 11, 6, 11, 1, 3
2023/7/19, 15, 13, 34, 10, 1, 3
2023/7/20, 27, 37, 76, 20, 1, 5
2023/7/21, 80, 42, 44, 12, 1, 5
2023/7/22, 98, 20, 29, 8, 1, 4
2023/7/23, 46, 14, 15, 7, 1, 2
2023/7/24, 30, 12, 22, 10, 2, 3
2023/7/25, 20, 18, 26, 13, 2, 4
2023/7/26, 42, 25, 28, 14, 2, 4
2023/7/27, 54, 31, 45, 20, 2, 4
2023/7/28, 71, 40, 73, 17, 3, 4
2023/7/29, 88, 38, 76, 15, 2, 4
2023/7/30, 86, 34, 55, 10, 2, 3
2023/7/31, 82, 32, 64, 12, 3, 4
2023/8/1, 76, 33, 59, 14, 2, 5
2023/8/2, 69, 26, 82, 19, 2, 3
2023/8/3, 56, 27, 39, 13, 3, 4
2023/8/4, 52, 20, 51, 17, 2, 3
2023/8/5, 45, 25, 48, 12, 2, 3
2023/8/6, 65, 21, 36, 7, 3, 4
2023/8/7, 53, 19, 28, 7, 3, 3
2023/8/8, 36, 18, 28, 6, 3, 3
2023/8/9, 33, 12, 17, 11, 2, 3
2023/8/10, 26, 7, 34, 9, 2, 3
2023/8/11, 14, 17, 51, 11, 3, 4
2023/8/12, 45, 30, 56, 15, 2, 4
2023/8/13, 60, 34, 57, 9, 3, 6
2023/8/14, 74, 26, 35, 8, 1, 4
2023/8/15, 59, 19, 39, 8, 2, 4
2023/8/16, 44, 30, 59, 13, 2, 4
2023/8/17, 66, 25, 32, 9, 2, 4
2023/8/18, 49, 12, 19, 10, 2, 5
2023/8/19, 32, 28, 36, 11, 3, 5
2023/8/20, 68, 23, 43, 10, 2, 5
2023/8/21, 61, 29, 38, 12, 4, 5
2023/8/22, 71, 31, 27, 12, 6, 3
2023/8/23, 73, 26, 28, 11, 1, 3
2023/8/24, 64, 10, 35, 11, 1, 5
2023/8/25, 22, 14, 44, 16, 1, 3
2023/8/26, 28, 25, 74, 16, 3, 4
2023/8/27, 58, 21, 47, 7, 4, 5
2023/8/28, 54, 19, 34, 9, 1, 3
2023/8/29, 38, 17, 15, 11, 2, 4
2023/8/30, 19, 11, 8, 12, 3, 4
2023/8/31, 18, 8, 46, 16, 2, 5
2023/9/1, 25, 22, 65, 15, 3, 5
2023/9/2, 51, 26, 42, 15, 5, 6
2023/9/3, 61, 18, 37, 9, 4, 4
2023/9/4, 41, 15, 29, 9, 2, 4
2023/9/5, 34, 17, 41, 12, 1, 3
2023/9/6, 33, 21, 37, 14, 2, 3
2023/9/7, 44, 22, 37, 15, 2, 4
2023/9/8, 43, 21, 41, 12, 2, 4
2023/9/9, 18, 19, 52, 11, 3, 4
2023/9/10, 19, 19, 43, 9, 4, 6
2023/9/11, 38, 26, 61, 17, 4, 4
2023/9/12, 21, 35, 55, 24, 4, 5
2023/9/13, 65, 30, 33, 22, 2, 5
2023/9/14, 73, 13, 33, 13, 1, 5
2023/9/15, 25, 12, 24, 17, 1, 4
2023/9/16, 24, 22, 21, 14, 2, 6
2023/9/17, 52, 14, 27, 11, 2, 5
2023/9/18, 28, 19, 40, 15, 2, 5
2023/9/19, 39, 30, 64, 20, 2, 4
2023/9/20, 62, 37, 39, 20, 2, 6
2023/9/21, 74, 11, 34, 13, 2, 5
2023/9/22, 20, 21, 37, 13, 3, 5
2023/9/23, 41, 20, 34, 14, 2, 4
2023/9/24, 44, 17, 39, 11, 2, 3
2023/9/25, 28, 19, 32, 14, 2, 4
2023/9/26, 35, 16, 21, 17, 2, 6
2023/9/27, 41, 22, 34, 20, 2, 5
2023/9/28, 55, 24, 52, 13, 1, 4
2023/9/29, 55, 42, 58, 15, 2, 7
2023/9/30, 94, 24, 44, 11, 2, 5
2023/10/1, 57, 29, 42, 12, 2, 4
2023/4/2, 113, 42, 63, 13, 2, 4
2023/4/3, 83, 40, 55, 20, 1, 4
2023/4/4, 77, 28, 48, 15, 3, 4
2023/4/5, 57, 15, 37, 13, 2, 2
2023/4/6, 35, 20, 41, 9, 2, 4
2023/4/7, 54, 52, 54, 17, 2, 5
2023/4/8, 105, 38, 45, 10, 2, 3
2023/4/9, 40, 49, 50, 12, 3, 3
2023/4/10, 46, 46, 54, 22, 3, 4
2023/4/11, 59, 34, 41, 16, 2, 4
2023/4/12, 53, 180, 38, 9, 1, 3
2023/4/13, 102, 90, 44, 19, 3, 4
2023/4/14, 85, 59, 36, 37, 5, 5
2023/4/15, 82, 39, 40, 18, 2, 3
2023/4/16, 71, 75, 48, 15, 3, 3
2023/4/17, 86, 71, 56, 21, 3, 4
2023/4/18, 89, 63, 42, 31, 2, 5
2023/4/19, 85, 48, 43, 19, 1, 5
2023/4/20, 82, 44, 49, 13, 2, 3
2023/4/21, 75, 109, 39, 10, 1, 3
2023/4/22, 83, 156, 41, 4, 1, 3
2023/4/23, 109, 71, 43, 6, 2, 3
2023/4/24, 73, 35, 44, 9, 1, 2
2023/4/25, 52, 28, 33, 26, 2, 4
2023/4/26, 67, 36, 46, 17, 2, 3
2023/4/27, 71, 33, 64, 18, 2, 4
2023/4/28, 64, 34, 55, 13, 2, 4
2023/4/29, 53, 34, 42, 13, 2, 4
2023/4/30, 44, 40, 53, 8, 2, 3
2023/5/1, 50, 45, 55, 14, 2, 3
2023/5/2, 65, 41, 68, 26, 2, 4
2023/5/3, 70, 41, 53, 23, 3, 4
2023/5/4, 74, 30, 46, 14, 2, 3
2023/5/5, 64, 12, 34, 13, 2, 4
2023/5/6, 27, 8, 40, 7, 1, 2
2023/5/7, 18, 30, 37, 8, 1, 3
2023/5/8, 78, 31, 51, 18, 2, 4
2023/5/9, 71, 40, 67, 27, 2, 4
2023/5/10, 81, 38, 72, 21, 2, 4
2023/5/11, 75, 34, 58, 11, 2, 4
2023/5/12, 62, 36, 71, 18, 2, 3
2023/5/13, 65, 31, 59, 12, 3, 3
2023/5/14, 68, 29, 65, 9, 2, 4
2023/5/15, 70, 43, 80, 20, 3, 4
2023/5/16, 87, 57, 103, 25, 3, 7
2023/5/17, 122, 50, 70, 21, 3, 6
2023/5/18, 92, 35, 40, 17, 2, 5
2023/5/19, 85, 17, 37, 11, 1, 4
2023/5/20, 37, 24, 54, 10, 2, 4
2023/5/21, 56, 43, 54, 9, 1, 4
2023/5/22, 78, 91, 41, 20, 2, 5
2023/5/23, 114, 53, 46, 17, 2, 4
2023/5/24, 79, 49, 52, 23, 2, 4
2023/5/25, 75, 39, 69, 19, 3, 4
2023/5/26, 69, 30, 50, 21, 2, 3
2023/5/27, 57, 33, 35, 10, 3, 3
2023/5/28, 68, 20, 32, 9, 1, 4
2023/5/29, 48, 10, 27, 12, 1, 3
2023/5/30, 25, 16, 38, 9, 1, 3
2023/5/31, 38, 26, 50, 10, 3, 4
2023/6/1, 55, 32, 33, 22, 2, 4
2023/6/2, 71, 36, 63, 15, 2, 4
2023/6/3, 69, 37, 60, 14, 2, 3
2023/6/4, 71, 26, 66, 11, 2, 3
2023/6/5, 55, 32, 69, 19, 3, 4
2023/6/6, 66, 28, 75, 12, 3, 3
2023/6/7, 62, 39, 73, 18, 3, 4
2023/6/8, 82, 33, 59, 17, 5, 4
2023/6/9, 69, 30, 63, 16, 2, 4
2023/6/10, 67, 39, 91, 15, 3, 5
2023/6/11, 87, 28, 49, 6, 2, 3
2023/6/12, 64, 26, 55, 12, 2, 3
2023/6/13, 58, 29, 72, 16, 2, 3
2023/6/14, 69, 30, 70, 18, 2, 3
2023/6/15, 70, 24, 75, 15, 1, 4
2023/6/16, 63, 33, 80, 23, 1, 4
2023/6/17, 80, 36, 81, 17, 3, 4
2023/6/18, 83, 36, 89, 9, 3, 5
2023/6/19, 76, 44, 62, 10, 2, 4
2023/6/20, 77, 29, 39, 9, 3, 4
2023/6/21, 51, 22, 31, 16, 2, 3
2023/6/22, 55, 29, 44, 15, 1, 3
2023/6/23, 61, 24, 69, 14, 3, 4
2023/6/24, 58, 27, 60, 12, 4, 4
2023/6/25, 53, 26, 52, 10, 2, 4
2023/6/26, 62, 19, 21, 12, 1, 4
2023/6/27, 44, 19, 48, 10, 3, 4
2023/6/28, 48, 16, 48, 13, 3, 4
2023/6/29, 38, 25, 29, 15, 2, 5
2023/6/30, 68, 20, 45, 18, 3, 5
2023/7/1, 46, 26, 72, 10, 2, 6
2023/1/3, 46, 26, 27, 24, 5, 5
2023/1/4, 52, 36, 25, 33, 7, 6
2023/1/5, 70, 67, 36, 49, 10, 10
2023/1/6, 141, 77, 28, 53, 8, 10
2023/1/7, 157, 75, 30, 35, 5, 9
2023/1/8, 146, 67, 28, 35, 4, 8
2023/1/9, 124, 71, 26, 44, 6, 8
2023/1/10, 123, 66, 20, 47, 4, 8
2023/1/11, 124, 59, 19, 51, 5, 10
2023/1/12, 117, 73, 16, 65, 8, 10
2023/1/13, 135, 58, 4, 54, 7, 13
2023/1/14, 145, 24, 29, 18, 3, 6
2023/1/15, 61, 13, 26, 11, 2, 4
2023/1/16, 33, 25, 26, 14, 3, 4
2023/1/17, 61, 32, 26, 26, 2, 4
2023/1/18, 69, 52, 26, 31, 3, 6
2023/1/19, 94, 58, 26, 38, 3, 6
2023/1/20, 101, 53, 27, 29, 4, 5
2023/1/21, 79, 19, 29, 20, 3, 3
2023/1/22, 45, 31, 15, 35, 3, 6
2023/1/23, 71, 42, 34, 26, 2, 6
2023/1/24, 84, 35, 28, 5, 2, 3
2023/1/25, 58, 18, 28, 18, 4, 4
2023/1/26, 38, 40, 11, 43, 4, 5
2023/1/27, 76, 40, 26, 20, 3, 4
2023/1/28, 69, 35, 26, 20, 4, 4
2023/1/29, 58, 43, 33, 18, 2, 4
2023/1/30, 59, 40, 29, 23, 3, 5
2023/1/31, 60, 50, 26, 43, 6, 8
2023/2/1, 87, 55, 36, 44, 7, 11
2023/2/2, 101, 42, 29, 26, 3, 5
2023/2/3, 75, 45, 25, 34, 4, 6
2023/2/4, 87, 42, 36, 27, 3, 5
2023/2/5, 88, 50, 39, 35, 5, 8
2023/2/6, 113, 61, 25, 56, 5, 9
2023/2/7, 135, 61, 38, 46, 5, 10
2023/2/8, 135, 57, 39, 38, 3, 8
2023/2/9, 130, 51, 32, 31, 3, 5
2023/2/10, 107, 20, 29, 25, 2, 5
2023/2/11, 55, 57, 30, 37, 4, 8
2023/2/12, 140, 58, 35, 31, 2, 7
2023/2/13, 142, 39, 28, 28, 2, 5
2023/2/14, 89, 20, 30, 19, 2, 4
2023/2/15, 49, 10, 27, 11, 1, 2
2023/2/16, 27, 21, 24, 22, 2, 3
2023/2/17, 52, 47, 7, 48, 4, 5
2023/2/18, 106, 55, 4, 50, 4, 6
2023/2/19, 128, 39, 41, 19, 2, 4
2023/2/20, 101, 39, 33, 17, 3, 4
2023/2/21, 50, 31, 32, 21, 3, 4
2023/2/22, 60, 42, 34, 37, 4, 5
2023/2/23, 87, 48, 43, 30, 4, 5
2023/2/24, 95, 60, 41, 26, 4, 6
2023/2/25, 133, 38, 39, 20, 3, 4
2023/2/26, 73, 38, 38, 24, 4, 5
2023/2/27, 74, 49, 48, 44, 4, 8
2023/2/28, 97, 45, 43, 44, 5, 7
2023/3/1, 100, 47, 43, 28, 4, 5
2023/3/2, 95, 45, 34, 20, 3, 3
2023/3/3, 61, 48, 42, 28, 4, 4
2023/3/4, 71, 66, 50, 35, 4, 7
2023/3/5, 124, 52, 49, 29, 3, 6
2023/3/6, 102, 56, 53, 41, 3, 7
2023/3/7, 107, 67, 75, 44, 6, 6
2023/3/8, 122, 59, 69, 41, 6, 7
2023/3/9, 111, 61, 53, 40, 3, 6
2023/3/10, 102, 75, 60, 37, 4, 5
2023/3/11, 109, 77, 89, 40, 5, 6
2023/3/12, 126, 55, 40, 18, 3, 5
2023/3/13, 96, 50, 34, 17, 3, 3
2023/3/14, 76, 55, 44, 29, 3, 5
2023/3/15, 71, 39, 47, 27, 3, 5
2023/3/16, 61, 46, 36, 16, 2, 3
2023/3/17, 56, 48, 34, 22, 2, 4
2023/3/18, 65, 43, 43, 17, 3, 4
2023/3/19, 67, 53, 54, 20, 3, 5
2023/3/20, 94, 57, 67, 35, 4, 6
2023/3/21, 107, 57, 64, 30, 4, 5
2023/3/22, 95, 48, 44, 28, 3, 5
2023/3/23, 94, 15, 27, 15, 1, 5
2023/3/24, 45, 129, 39, 10, 1, 5
2023/3/25, 88, 80, 35, 8, 1, 4
2023/3/26, 69, 71, 46, 11, 1, 4
2023/3/27, 75, 43, 44, 21, 2, 4
2023/3/28, 60, 68, 55, 37, 3, 5
2023/3/29, 116, 78, 59, 46, 3, 5
2023/3/30, 130, 68, 65, 43, 4, 6
2023/3/31, 118, 63, 76, 35, 3, 6
2023/4/1, 118, 61, 71, 22, 3, 6
2022/10/2, 76, 29, 64, 16, 2, 4
2022/10/3, 66, 35, 33, 12, 2, 3
2022/10/4, 71, 20, 29, 7, 1, 4
2022/10/5, 37, 20, 27, 9, 1, 3
2022/10/6, 31, 21, 32, 15, 1, 3
2022/10/7, 45, 23, 29, 15, 1, 3
2022/10/8, 51, 19, 36, 14, 1, 3
2022/10/9, 33, 18, 23, 13, 1, 3
2022/10/10, 42, 19, 32, 9, 1, 3
2022/10/11, 30, 15, 29, 11, 1, 3
2022/10/12, 33, 25, 35, 21, 2, 3
2022/10/13, 55, 21, 36, 19, 1, 3
2022/10/14, 45, 23, 35, 19, 2, 3
2022/10/15, 50, 22, 41, 14, 2, 4
2022/10/16, 48, 23, 43, 13, 1, 4
2022/10/17, 57, 43, 40, 19, 1, 5
2022/10/18, 90, 28, 31, 19, 2, 3
2022/10/19, 40, 29, 31, 28, 2, 4
2022/10/20, 59, 39, 38, 41, 3, 5
2022/10/21, 82, 50, 36, 41, 3, 6
2022/10/22, 95, 36, 42, 33, 2, 5
2022/10/23, 77, 41, 46, 20, 1, 5
2022/10/24, 80, 33, 31, 21, 2, 4
2022/10/25, 56, 21, 28, 19, 1, 4
2022/10/26, 37, 35, 29, 33, 3, 5
2022/10/27, 68, 44, 46, 37, 3, 6
2022/10/28, 86, 41, 39, 33, 2, 6
2022/10/29, 95, 29, 31, 20, 2, 5
2022/10/30, 60, 24, 31, 14, 1, 5
2022/10/31, 52, 28, 34, 24, 2, 6
2022/11/1, 58, 43, 40, 34, 2, 6
2022/11/2, 83, 58, 42, 40, 2, 6
2022/11/3, 124, 56, 40, 38, 3, 6
2022/11/4, 107, 35, 29, 16, 2, 3
2022/11/5, 61, 31, 33, 23, 3, 3
2022/11/6, 49, 37, 39, 28, 2, 5
2022/11/7, 73, 49, 34, 39, 2, 6
2022/11/8, 88, 57, 37, 52, 3, 7
2022/11/9, 106, 61, 42, 53, 2, 7
2022/11/10, 118, 67, 44, 50, 3, 8
2022/11/11, 140, 69, 45, 51, 4, 8
2022/11/12, 141, 52, 40, 32, 3, 6
2022/11/13, 109, 17, 29, 9, 1, 4
2022/11/14, 48, 34, 27, 23, 2, 4
2022/11/15, 64, 33, 32, 27, 3, 4
2022/11/16, 65, 46, 31, 36, 2, 5
2022/11/17, 97, 56, 28, 40, 3, 6
2022/11/18, 107, 61, 28, 56, 4, 8
2022/11/19, 127, 49, 37, 41, 3, 7
2022/11/20, 101, 38, 32, 30, 2, 5
2022/11/21, 77, 48, 26, 38, 4, 7
2022/11/22, 90, 56, 18, 41, 4, 7
2022/11/23, 119, 37, 28, 31, 3, 6
2022/11/24, 81, 46, 22, 40, 2, 6
2022/11/25, 91, 56, 30, 48, 4, 8
2022/11/26, 113, 52, 34, 29, 3, 6
2022/11/27, 82, 44, 25, 30, 3, 5
2022/11/28, 63, 59, 6, 55, 4, 8
2022/11/29, 113, 26, 24, 26, 2, 5
2022/11/30, 57, 25, 26, 12, 2, 3
2022/12/1, 42, 19, 24, 16, 2, 3
2022/12/2, 39, 30, 24, 26, 3, 4
2022/12/3, 56, 42, 19, 34, 4, 6
2022/12/4, 84, 27, 28, 12, 3, 3
2022/12/5, 51, 22, 21, 20, 3, 3
2022/12/6, 42, 40, 22, 37, 4, 5
2022/12/7, 80, 53, 27, 38, 3, 7
2022/12/8, 101, 68, 25, 48, 4, 9
2022/12/9, 131, 61, 16, 50, 6, 8
2022/12/10, 116, 58, 27, 42, 4, 7
2022/12/11, 133, 37, 30, 31, 3, 6
2022/12/12, 86, 56, 9, 43, 4, 7
2022/12/13, 102, 83, 28, 25, 3, 5
2022/12/14, 114, 35, 24, 14, 3, 3
2022/12/15, 51, 40, 23, 29, 4, 4
2022/12/16, 72, 33, 22, 20, 3, 4
2022/12/17, 63, 29, 23, 23, 3, 4
2022/12/18, 66, 22, 27, 14, 3, 3
2022/12/19, 54, 39, 23, 30, 5, 5
2022/12/20, 73, 46, 22, 41, 5, 7
2022/12/21, 89, 51, 7, 46, 4, 8
2022/12/22, 124, 37, 23, 21, 2, 5
2022/12/23, 76, 27, 28, 13, 3, 4
2022/12/24, 54, 29, 24, 22, 3, 5
2022/12/25, 62, 30, 30, 27, 2, 5
2022/12/26, 72, 36, 24, 36, 4, 7
2022/12/27, 78, 40, 26, 41, 3, 6
2022/12/28, 88, 50, 25, 34, 4, 6
2022/12/29, 110, 36, 28, 25, 5, 5
2022/12/30, 72, 45, 23, 37, 6, 7
2022/12/31, 99, 35, 28, 24, 4, 6
2023/1/1, 78, 45, 32, 30, 6, 7
2023/1/2, 108, 21, 26, 21, 4, 4
2022/7/2, 56, 29, 51, 14, 3, 3
2022/7/3, 77, 27, 54, 10, 2, 3
2022/7/4, 74, 21, 32, 19, 2, 3
2022/7/5, 51, 27, 56, 19, 4, 4
2022/7/6, 66, 30, 59, 18, 2, 5
2022/7/7, 75, 26, 26, 14, 1, 3
2022/7/8, 53, 25, 36, 16, 2, 4
2022/7/9, 56, 22, 49, 14, 2, 3
2022/7/10, 58, 22, 61, 8, 2, 5
2022/7/11, 58, 21, 45, 15, 2, 5
2022/7/12, 58, 16, 33, 9, 2, 4
2022/7/13, 30, 19, 29, 12, 1, 4
2022/7/14, 41, 24, 45, 16, 3, 5
2022/7/15, 52, 18, 54, 17, 1, 4
2022/7/16, 47, 25, 59, 18, 2, 4
2022/7/17, 63, 17, 44, 9, 2, 4
2022/7/18, 51, 17, 35, 15, 2, 4
2022/7/19, 41, 23, 57, 16, 2, 4
2022/7/20, 56, 31, 68, 16, 1, 4
2022/7/21, 70, 23, 49, 13, 2, 5
2022/7/22, 58, 20, 52, 12, 1, 5
2022/7/23, 52, 23, 45, 11, 2, 5
2022/7/24, 53, 19, 44, 5, 1, 4
2022/7/25, 48, 17, 61, 10, 2, 5
2022/7/26, 48, 28, 56, 8, 1, 5
2022/7/27, 70, 17, 39, 8, 1, 4
2022/7/28, 46, 20, 30, 9, 1, 4
2022/7/29, 52, 22, 33, 9, 1, 6
2022/7/30, 71, 15, 24, 6, 2, 5
2022/7/31, 52, 15, 16, 6, 2, 3
2022/8/1, 35, 17, 18, 6, 3, 3
2022/8/2, 37, 17, 24, 10, 1, 4
2022/8/3, 36, 20, 27, 11, 1, 4
2022/8/4, 41, 19, 28, 8, 1, 4
2022/8/5, 41, 19, 32, 10, 1, 3
2022/8/6, 42, 25, 52, 11, 1, 4
2022/8/7, 61, 29, 56, 7, 2, 5
2022/8/8, 70, 22, 25, 7, 2, 3
2022/8/9, 39, 17, 23, 8, 2, 3
2022/8/10, 29, 17, 21, 13, 2, 4
2022/8/11, 34, 21, 16, 15, 2, 4
2022/8/12, 37, 28, 49, 18, 1, 4
2022/8/13, 49, 26, 44, 19, 2, 6
2022/8/14, 63, 25, 37, 9, 2, 4
2022/8/15, 56, 18, 23, 3, 3, 4
2022/8/16, 34, 22, 27, 21, 2, 5
2022/8/17, 42, 25, 47, 14, 1, 5
2022/8/18, 61, 29, 64, 15, 2, 4
2022/8/19, 61, 31, 39, 13, 2, 4
2022/8/20, 67, 22, 30, 10, 2, 4
2022/8/21, 46, 13, 38, 1, 2, 5
2022/8/22, 28, 21, 55, 7, 3, 6
2022/8/23, 41, 39, 30, 21, 3, 5
2022/8/24, 85, 15, 33, 9, 1, 4
2022/8/25, 27, 31, 51, 16, 2, 5
2022/8/26, 56, 31, 59, 19, 1, 3
2022/8/27, 58, 34, 44, 20, 1, 4
2022/8/28, 68, 20, 35, 7, 1, 3
2022/8/29, 41, 26, 21, 16, 1, 4
2022/8/30, 42, 19, 18, 16, 1, 5
2022/8/31, 35, 15, 26, 11, 1, 5
2022/9/1, 29, 19, 29, 15, 1, 4
2022/9/2, 34, 18, 33, 14, 1, 4
2022/9/3, 31, 15, 32, 8, 1, 3
2022/9/4, 23, 14, 31, 5, 1, 4
2022/9/5, 26, 26, 29, 9, 1, 4
2022/9/6, 51, 14, 46, 12, 1, 3
2022/9/7, 26, 27, 44, 18, 1, 4
2022/9/8, 51, 22, 44, 14, 1, 3
2022/9/9, 42, 15, 39, 5, 1, 3
2022/9/10, 32, 14, 36, 7, 1, 3
2022/9/11, 33, 19, 36, 6, 1, 3
2022/9/12, 42, 21, 25, 7, 1, 3
2022/9/13, 43, 21, 35, 10, 1, 3
2022/9/14, 36, 24, 38, 7, 2, 3
2022/9/15, 41, 28, 35, 6, 1, 3
2022/9/16, 44, 27, 29, 11, 2, 4
2022/9/17, 51, 33, 48, 13, 2, 5
2022/9/18, 74, 17, 27, 5, 1, 5
2022/9/19, 40, 16, 30, 5, 1, 3
2022/9/20, 22, 33, 31, 9, 1, 3
2022/9/21, 41, 24, 33, 11, 1, 3
2022/9/22, 38, 23, 37, 18, 2, 4
2022/9/23, 44, 32, 48, 17, 1, 3
2022/9/24, 57, 22, 36, 15, 2, 4
2022/9/25, 33, 24, 37, 16, 1, 4
2022/9/26, 54, 37, 18, 29, 2, 5
2022/9/27, 74, 28, 40, 18, 1, 4
2022/9/28, 57, 29, 35, 21, 1, 4
2022/9/29, 55, 38, 84, 20, 2, 4
2022/9/30, 82, 44, 84, 37, 2, 5
2022/10/1, 97, 38, 62, 24, 1, 4
2022/4/2, 45, 31, 47, 20, 2, 3
2022/4/3, 66, 31, 55, 14, 3, 4
2022/4/4, 70, 43, 63, 28, 3, 4
2022/4/5, 85, 50, 56, 34, 3, 4
2022/4/6, 103, 45, 57, 26, 2, 4
2022/4/7, 74, 45, 48, 23, 2, 4
2022/4/8, 80, 45, 58, 20, 2, 3
2022/4/9, 63, 49, 68, 26, 4, 4
2022/4/10, 81, 33, 60, 15, 4, 4
2022/4/11, 65, 41, 41, 17, 3, 4
2022/4/12, 74, 35, 53, 16, 3, 4
2022/4/13, 71, 30, 35, 10, 2, 4
2022/4/14, 40, 15, 34, 5, 1, 3
2022/4/15, 19, 21, 41, 7, 2, 2
2022/4/16, 26, 27, 51, 15, 1, 3
2022/4/17, 53, 35, 56, 14, 2, 4
2022/4/18, 61, 47, 68, 26, 3, 4
2022/4/19, 79, 43, 63, 28, 3, 4
2022/4/20, 78, 38, 84, 14, 3, 4
2022/4/21, 63, 43, 42, 32, 3, 4
2022/4/22, 78, 40, 75, 13, 3, 4
2022/4/23, 72, 49, 61, 14, 3, 4
2022/4/24, 78, 47, 61, 14, 2, 3
2022/4/25, 76, 54, 79, 21, 3, 5
2022/4/26, 88, 34, 34, 20, 3, 5
2022/4/27, 70, 61, 42, 14, 1, 4
2022/4/28, 64, 63, 45, 13, 2, 2
2022/4/29, 65, 14, 38, 10, 1, 3
2022/4/30, 27, 19, 41, 11, 1, 3
2022/5/1, 40, 46, 48, 7, 1, 3
2022/5/2, 62, 40, 53, 15, 2, 3
2022/5/3, 59, 41, 76, 20, 2, 4
2022/5/4, 83, 48, 75, 28, 2, 4
2022/5/5, 92, 36, 75, 20, 2, 3
2022/5/6, 69, 32, 60, 16, 2, 3
2022/5/7, 62, 39, 47, 14, 2, 3
2022/5/8, 67, 21, 45, 5, 2, 3
2022/5/9, 39, 20, 46, 10, 2, 2
2022/5/10, 36, 23, 48, 15, 2, 4
2022/5/11, 47, 32, 84, 20, 2, 3
2022/5/12, 61, 40, 64, 21, 2, 3
2022/5/13, 80, 33, 39, 15, 1, 4
2022/5/14, 75, 38, 50, 14, 2, 3
2022/5/15, 58, 21, 50, 7, 1, 2
2022/5/16, 41, 32, 55, 22, 1, 3
2022/5/17, 56, 41, 84, 25, 3, 3
2022/5/18, 79, 49, 90, 23, 2, 4
2022/5/19, 84, 44, 76, 26, 3, 4
2022/5/20, 81, 41, 71, 22, 4, 3
2022/5/21, 88, 40, 78, 16, 2, 2
2022/5/22, 80, 37, 100, 10, 3, 3
2022/5/23, 72, 42, 102, 19, 3, 5
2022/5/24, 85, 51, 110, 25, 3, 5
2022/5/25, 98, 57, 109, 26, 3, 5
2022/5/26, 120, 27, 52, 13, 2, 2
2022/5/27, 50, 39, 55, 17, 2, 3
2022/5/28, 56, 36, 77, 22, 2, 4
2022/5/29, 66, 29, 73, 13, 3, 3
2022/5/30, 65, 30, 74, 15, 4, 4
2022/5/31, 66, 37, 68, 16, 2, 3
2022/6/1, 63, 41, 84, 21, 3, 3
2022/6/2, 81, 35, 89, 19, 3, 4
2022/6/3, 68, 39, 74, 16, 2, 4
2022/6/4, 72, 30, 66, 9, 2, 3
2022/6/5, 61, 20, 40, 7, 2, 4
2022/6/6, 52, 15, 37, 9, 1, 3
2022/6/7, 33, 17, 29, 10, 1, 2
2022/6/8, 31, 24, 34, 9, 2, 3
2022/6/9, 56, 30, 62, 15, 2, 4
2022/6/10, 68, 31, 81, 18, 2, 4
2022/6/11, 66, 35, 41, 16, 3, 4
2022/6/12, 69, 20, 47, 6, 2, 3
2022/6/13, 43, 26, 36, 7, 2, 2
2022/6/14, 52, 14, 29, 10, 1, 2
2022/6/15, 30, 21, 41, 16, 1, 3
2022/6/16, 50, 33, 50, 19, 1, 3
2022/6/17, 71, 37, 90, 24, 2, 4
2022/6/18, 74, 29, 70, 13, 2, 2
2022/6/19, 66, 27, 73, 9, 2, 3
2022/6/20, 63, 35, 98, 13, 2, 3
2022/6/21, 66, 31, 63, 14, 1, 3
2022/6/22, 64, 36, 99, 16, 2, 5
2022/6/23, 74, 25, 37, 12, 1, 4
2022/6/24, 52, 22, 47, 9, 1, 5
2022/6/25, 47, 32, 76, 12, 1, 5
2022/6/26, 77, 21, 31, 5, 1, 3
2022/6/27, 44, 13, 11, 8, 1, 3
2022/6/28, 25, 14, 19, 4, 1, 2
2022/6/29, 24, 18, 24, 5, 1, 2
2022/6/30, 34, 16, 29, 7, 1, 3
2022/7/1, 35, 23, 41, 12, 3, 3
2022/1/4, 109, 42, 24, 32, 6, 5
2022/1/5, 80, 55, 7, 45, 6, 7
2022/1/6, 111, 49, 25, 40, 4, 6
2022/1/7, 98, 58, 20, 51, 5, 8
2022/1/8, 116, 53, 31, 40, 5, 7
2022/1/9, 107, 63, 32, 44, 3, 9
2022/1/10, 143, 81, 26, 50, 4, 11
2022/1/11, 168, 42, 27, 17, 2, 5
2022/1/12, 84, 29, 25, 19, 3, 4
2022/1/13, 61, 33, 25, 17, 3, 4
2022/1/14, 58, 34, 25, 28, 4, 5
2022/1/15, 64, 44, 25, 42, 4, 7
2022/1/16, 85, 41, 31, 27, 4, 7
2022/1/17, 85, 27, 28, 17, 4, 4
2022/1/18, 53, 31, 27, 24, 3, 4
2022/1/19, 59, 52, 33, 38, 5, 7
2022/1/20, 110, 44, 28, 29, 3, 5
2022/1/21, 101, 53, 22, 53, 5, 9
2022/1/22, 113, 57, 15, 54, 5, 9
2022/1/23, 120, 47, 33, 40, 4, 6
2022/1/24, 111, 24, 32, 24, 1, 3
2022/1/25, 49, 41, 19, 40, 3, 5
2022/1/26, 81, 57, 37, 32, 3, 7
2022/1/27, 133, 58, 33, 39, 3, 7
2022/1/28, 124, 35, 30, 25, 3, 4
2022/1/29, 74, 27, 33, 17, 2, 4
2022/1/30, 61, 27, 36, 16, 2, 4
2022/1/31, 61, 25, 34, 23, 3, 4
2022/2/1, 57, 44, 34, 22, 3, 5
2022/2/2, 89, 35, 36, 15, 3, 5
2022/2/3, 86, 27, 36, 21, 3, 4
2022/2/4, 55, 32, 36, 20, 3, 4
2022/2/5, 66, 31, 35, 11, 4, 4
2022/2/6, 56, 27, 35, 12, 3, 4
2022/2/7, 52, 29, 30, 24, 5, 4
2022/2/8, 59, 42, 29, 34, 5, 5
2022/2/9, 79, 53, 25, 52, 4, 7
2022/2/10, 114, 47, 34, 41, 4, 6
2022/2/11, 99, 58, 41, 51, 6, 7
2022/2/12, 126, 65, 45, 45, 6, 8
2022/2/13, 145, 50, 40, 25, 5, 6
2022/2/14, 117, 42, 46, 31, 4, 5
2022/2/15, 82, 37, 37, 14, 2, 4
2022/2/16, 74, 31, 33, 14, 3, 3
2022/2/17, 63, 30, 31, 20, 3, 4
2022/2/18, 66, 50, 25, 45, 3, 6
2022/2/19, 95, 43, 32, 33, 5, 6
2022/2/20, 95, 29, 37, 8, 3, 4
2022/2/21, 53, 35, 37, 19, 3, 4
2022/2/22, 63, 33, 34, 16, 3, 4
2022/2/23, 66, 32, 34, 17, 3, 4
2022/2/24, 65, 33, 38, 22, 3, 4
2022/2/25, 54, 54, 48, 36, 4, 6
2022/2/26, 101, 71, 52, 45, 4, 7
2022/2/27, 135, 41, 41, 17, 3, 5
2022/2/28, 79, 49, 37, 46, 4, 6
2022/3/1, 89, 56, 51, 38, 5, 8
2022/3/2, 113, 35, 41, 17, 3, 4
2022/3/3, 73, 47, 43, 35, 5, 6
2022/3/4, 83, 72, 71, 41, 6, 7
2022/3/5, 130, 86, 48, 10, 3, 4
2022/3/6, 73, 38, 38, 11, 4, 4
2022/3/7, 53, 47, 35, 36, 4, 5
2022/3/8, 83, 66, 47, 43, 5, 6
2022/3/9, 124, 63, 56, 37, 3, 6
2022/3/10, 132, 67, 58, 46, 3, 7
2022/3/11, 137, 61, 52, 56, 5, 7
2022/3/12, 120, 62, 47, 41, 4, 6
2022/3/13, 104, 28, 39, 18, 3, 4
2022/3/14, 59, 26, 40, 20, 2, 4
2022/3/15, 55, 38, 47, 30, 3, 5
2022/3/16, 85, 64, 50, 34, 3, 5
2022/3/17, 100, 35, 47, 16, 1, 4
2022/3/18, 62, 13, 36, 12, 1, 3
2022/3/19, 25, 18, 32, 16, 2, 3
2022/3/20, 36, 26, 38, 16, 1, 4
2022/3/21, 68, 31, 52, 19, 2, 2
2022/3/22, 55, 37, 45, 16, 2, 4
2022/3/23, 78, 51, 40, 28, 3, 5
2022/3/24, 109, 63, 47, 44, 3, 5
2022/3/25, 135, 56, 46, 32, 3, 5
2022/3/26, 116, 17, 39, 16, 2, 3
2022/3/27, 38, 38, 49, 9, 2, 3
2022/3/28, 60, 28, 40, 17, 3, 3
2022/3/29, 53, 39, 50, 30, 3, 4
2022/3/30, 72, 42, 44, 32, 3, 4
2022/3/31, 81, 23, 41, 8, 1, 3
2022/4/1, 50, 18, 39, 10, 1, 2
2021/10/2, 70, 43, 59, 25, 2, 6
2021/10/3, 94, 38, 62, 18, 2, 5
2021/10/4, 87, 48, 46, 14, 3, 4
2021/10/5, 73, 36, 42, 22, 3, 4
2021/10/6, 72, 25, 30, 13, 2, 5
2021/10/7, 50, 27, 55, 18, 3, 4
2021/10/8, 59, 22, 32, 17, 2, 4
2021/10/9, 54, 22, 40, 11, 1, 4
2021/10/10, 55, 33, 44, 9, 4, 5
2021/10/11, 74, 15, 27, 18, 1, 4
2021/10/12, 40, 14, 30, 18, 1, 3
2021/10/13, 37, 20, 28, 17, 1, 3
2021/10/14, 41, 31, 38, 24, 2, 5
2021/10/15, 65, 33, 40, 24, 3, 5
2021/10/16, 75, 22, 29, 14, 3, 4
2021/10/17, 44, 26, 30, 10, 1, 3
2021/10/18, 46, 32, 25, 28, 3, 4
2021/10/19, 60, 35, 37, 28, 3, 5
2021/10/20, 70, 39, 32, 31, 4, 5
2021/10/21, 81, 33, 25, 31, 3, 5
2021/10/22, 71, 44, 39, 26, 3, 5
2021/10/23, 87, 29, 32, 28, 3, 5
2021/10/24, 60, 32, 38, 27, 2, 5
2021/10/25, 73, 39, 37, 34, 3, 5
2021/10/26, 82, 52, 43, 39, 4, 6
2021/10/27, 110, 57, 45, 40, 4, 7
2021/10/28, 127, 40, 33, 31, 3, 5
2021/10/29, 68, 32, 29, 28, 2, 5
2021/10/30, 60, 40, 14, 34, 3, 6
2021/10/31, 76, 36, 41, 26, 2, 6
2021/11/1, 80, 47, 43, 35, 2, 4
2021/11/2, 92, 45, 39, 31, 1, 6
2021/11/3, 95, 48, 34, 36, 2, 5
2021/11/4, 109, 54, 39, 38, 2, 6
2021/11/5, 107, 53, 39, 39, 2, 5
2021/11/6, 107, 48, 41, 30, 3, 5
2021/11/7, 85, 34, 36, 24, 2, 5
2021/11/8, 70, 29, 23, 26, 2, 5
2021/11/9, 57, 21, 25, 19, 2, 4
2021/11/10, 39, 20, 23, 20, 2, 4
2021/11/11, 39, 22, 28, 18, 2, 3
2021/11/12, 41, 23, 23, 19, 2, 4
2021/11/13, 47, 37, 25, 28, 3, 6
2021/11/14, 69, 45, 35, 30, 3, 6
2021/11/15, 86, 58, 31, 41, 3, 7
2021/11/16, 106, 58, 32, 38, 4, 7
2021/11/17, 98, 55, 31, 39, 4, 5
2021/11/18, 94, 57, 33, 45, 4, 7
2021/11/19, 101, 62, 40, 46, 4, 9
2021/11/20, 122, 74, 44, 53, 4, 10
2021/11/21, 154, 74, 27, 46, 4, 9
2021/11/22, 162, 44, 26, 22, 3, 5
2021/11/23, 74, 27, 28, 17, 3, 4
2021/11/24, 51, 35, 27, 24, 4, 4
2021/11/25, 57, 54, 33, 37, 4, 6
2021/11/26, 92, 41, 30, 27, 3, 5
2021/11/27, 66, 43, 25, 35, 2, 5
2021/11/28, 84, 46, 24, 39, 3, 7
2021/11/29, 96, 54, 19, 46, 3, 8
2021/11/30, 102, 42, 28, 39, 4, 9
2021/12/1, 95, 24, 24, 11, 2, 3
2021/12/2, 47, 32, 20, 26, 3, 5
2021/12/3, 60, 33, 24, 27, 3, 6
2021/12/4, 57, 27, 24, 22, 3, 4
2021/12/5, 46, 44, 20, 35, 3, 7
2021/12/6, 94, 64, 5, 50, 4, 9
2021/12/7, 137, 55, 28, 44, 3, 8
2021/12/8, 121, 50, 22, 41, 4, 8
2021/12/9, 98, 52, 12, 43, 4, 7
2021/12/10, 103, 55, 8, 45, 4, 9
2021/12/11, 114, 58, 31, 38, 3, 7
2021/12/12, 131, 50, 30, 17, 2, 5
2021/12/13, 101, 25, 23, 20, 1, 4
2021/12/14, 46, 42, 23, 39, 4, 6
2021/12/15, 70, 54, 23, 52, 7, 10
2021/12/16, 103, 73, 9, 58, 7, 12
2021/12/17, 150, 48, 26, 19, 3, 5
2021/12/18, 84, 30, 26, 30, 3, 5
2021/12/19, 52, 32, 29, 28, 3, 5
2021/12/20, 57, 52, 32, 45, 4, 7
2021/12/21, 85, 67, 30, 57, 5, 10
2021/12/22, 135, 60, 22, 52, 5, 8
2021/12/23, 122, 61, 24, 48, 6, 8
2021/12/24, 123, 66, 25, 44, 4, 6
2021/12/25, 140, 27, 27, 11, 2, 3
2021/12/26, 58, 19, 28, 8, 2, 3
2021/12/27, 49, 27, 27, 21, 3, 4
2021/12/28, 50, 49, 19, 39, 4, 7
2021/12/29, 99, 59, 31, 42, 5, 7
2021/12/30, 123, 32, 28, 14, 3, 4
2021/12/31, 62, 28, 28, 14, 4, 4
2022/1/1, 50, 24, 29, 27, 4, 5
2022/1/2, 53, 44, 31, 35, 5, 7
2022/1/3, 97, 50, 19, 31, 5, 7
2021/7/2, 65, 19, 36, 10, 1, 2
2021/7/3, 48, 16, 32, 9, 1, 3
2021/7/4, 38, 15, 41, 7, 2, 3
2021/7/5, 39, 22, 28, 16, 3, 4
2021/7/6, 55, 15, 30, 23, 2, 4
2021/7/7, 35, 19, 9, 27, 2, 5
2021/7/8, 53, 15, 37, 17, 2, 3
2021/7/9, 36, 25, 43, 15, 3, 4
2021/7/10, 61, 36, 65, 15, 2, 4
2021/7/11, 72, 27, 62, 10, 2, 3
2021/7/12, 58, 27, 69, 15, 2, 3
2021/7/13, 54, 28, 38, 19, 2, 4
2021/7/14, 56, 23, 55, 12, 2, 3
2021/7/15, 51, 25, 41, 17, 3, 5
2021/7/16, 58, 29, 38, 12, 2, 3
2021/7/17, 68, 17, 32, 8, 2, 3
2021/7/18, 39, 15, 34, 8, 2, 3
2021/7/19, 42, 22, 41, 15, 1, 4
2021/7/20, 47, 27, 56, 17, 3, 4
2021/7/21, 55, 20, 29, 11, 2, 3
2021/7/22, 38, 25, 34, 10, 1, 2
2021/7/23, 57, 24, 44, 12, 2, 4
2021/7/24, 56, 26, 46, 10, 4, 5
2021/7/25, 50, 20, 39, 6, 3, 3
2021/7/26, 34, 18, 39, 10, 3, 3
2021/7/27, 24, 19, 43, 10, 2, 4
2021/7/28, 34, 11, 35, 7, 3, 3
2021/7/29, 30, 18, 53, 8, 3, 3
2021/7/30, 48, 23, 73, 10, 3, 4
2021/7/31, 65, 28, 81, 17, 3, 4
2021/8/1, 67, 22, 51, 10, 2, 4
2021/8/2, 53, 22, 35, 15, 2, 5
2021/8/3, 46, 27, 35, 13, 2, 4
2021/8/4, 35, 29, 60, 16, 3, 5
2021/8/5, 57, 31, 75, 19, 3, 4
2021/8/6, 77, 26, 49, 15, 2, 3
2021/8/7, 62, 26, 74, 13, 3, 5
2021/8/8, 63, 20, 31, 8, 2, 3
2021/8/9, 40, 14, 47, 11, 2, 3
2021/8/10, 25, 23, 31, 18, 2, 5
2021/8/11, 47, 38, 66, 25, 2, 5
2021/8/12, 86, 34, 51, 16, 1, 4
2021/8/13, 65, 25, 39, 12, 1, 4
2021/8/14, 51, 16, 40, 13, 1, 4
2021/8/15, 44, 19, 30, 9, 1, 4
2021/8/16, 40, 25, 32, 10, 1, 3
2021/8/17, 57, 23, 26, 14, 1, 3
2021/8/18, 47, 16, 34, 16, 1, 3
2021/8/19, 34, 22, 31, 18, 1, 4
2021/8/20, 44, 28, 57, 16, 1, 4
2021/8/21, 56, 19, 38, 17, 1, 4
2021/8/22, 46, 24, 43, 14, 2, 5
2021/8/23, 56, 29, 32, 19, 1, 5
2021/8/24, 61, 22, 29, 20, 2, 5
2021/8/25, 51, 29, 25, 23, 2, 7
2021/8/26, 62, 33, 66, 28, 2, 6
2021/8/27, 57, 44, 41, 19, 3, 5
2021/8/28, 74, 27, 65, 18, 2, 5
2021/8/29, 58, 30, 26, 15, 3, 5
2021/8/30, 66, 34, 60, 11, 2, 5
2021/8/31, 64, 34, 44, 10, 2, 3
2021/9/1, 72, 13, 32, 10, 1, 4
2021/9/2, 48, 14, 38, 10, 1, 3
2021/9/3, 31, 16, 27, 11, 2, 4
2021/9/4, 41, 21, 34, 13, 1, 4
2021/9/5, 40, 19, 32, 7, 1, 3
2021/9/6, 41, 23, 32, 12, 1, 4
2021/9/7, 51, 37, 19, 25, 2, 5
2021/9/8, 75, 27, 39, 19, 3, 4
2021/9/9, 46, 37, 77, 30, 4, 6
2021/9/10, 63, 46, 43, 32, 2, 5
2021/9/11, 105, 41, 82, 23, 5, 5
2021/9/12, 92, 33, 71, 13, 2, 4
2021/9/13, 71, 29, 36, 10, 2, 3
2021/9/14, 46, 21, 33, 11, 1, 3
2021/9/15, 36, 24, 36, 12, 1, 3
2021/9/16, 41, 25, 35, 15, 1, 4
2021/9/17, 51, 13, 29, 12, 2, 3
2021/9/18, 31, 17, 32, 14, 2, 4
2021/9/19, 44, 15, 42, 9, 2, 4
2021/9/20, 39, 19, 35, 8, 2, 4
2021/9/21, 44, 18, 32, 12, 2, 5
2021/9/22, 45, 23, 52, 12, 2, 5
2021/9/23, 55, 23, 46, 19, 1, 4
2021/9/24, 53, 25, 32, 19, 1, 4
2021/9/25, 35, 18, 27, 17, 1, 5
2021/9/26, 47, 16, 31, 8, 1, 3
2021/9/27, 33, 18, 30, 15, 2, 4
2021/9/28, 40, 22, 32, 14, 2, 4
2021/9/29, 51, 26, 27, 19, 3, 5
2021/9/30, 63, 15, 37, 15, 2, 4
2021/10/1, 40, 31, 47, 25, 3, 5
2021/4/2, 55, 39, 43, 7, 3, 4
2021/4/3, 52, 33, 29, 22, 4, 6
2021/4/4, 64, 9, 38, 8, 2, 3
2021/4/5, 20, 19, 43, 16, 3, 3
2021/4/6, 35, 36, 41, 21, 4, 3
2021/4/7, 66, 44, 53, 27, 3, 3
2021/4/8, 77, 34, 48, 25, 3, 4
2021/4/9, 63, 28, 38, 19, 2, 4
2021/4/10, 54, 25, 43, 16, 3, 4
2021/4/11, 58, 26, 56, 15, 2, 4
2021/4/12, 61, 34, 29, 28, 3, 4
2021/4/13, 70, 15, 40, 14, 2, 4
2021/4/14, 27, 28, 42, 16, 2, 3
2021/4/15, 46, 41, 48, 32, 3, 4
2021/4/16, 72, 41, 47, 36, 4, 5
2021/4/17, 80, 84, 41, 15, 2, 3
2021/4/18, 70, 24, 43, 8, 2, 3
2021/4/19, 37, 37, 62, 20, 3, 3
2021/4/20, 54, 53, 59, 24, 4, 4
2021/4/21, 82, 59, 103, 38, 4, 7
2021/4/22, 111, 56, 82, 26, 7, 6
2021/4/23, 104, 30, 41, 9, 2, 4
2021/4/24, 45, 25, 51, 10, 2, 4
2021/4/25, 44, 27, 44, 8, 2, 5
2021/4/26, 30, 17, 45, 13, 2, 3
2021/4/27, 21, 31, 41, 24, 3, 4
2021/4/28, 52, 58, 49, 24, 3, 4
2021/4/29, 70, 67, 57, 27, 3, 4
2021/4/30, 80, 53, 57, 14, 2, 4
2021/5/1, 64, 31, 44, 11, 2, 4
2021/5/2, 61, 20, 44, 11, 2, 3
2021/5/3, 43, 31, 57, 21, 4, 3
2021/5/4, 60, 24, 32, 13, 3, 4
2021/5/5, 48, 29, 47, 10, 2, 3
2021/5/6, 31, 40, 59, 25, 3, 4
2021/5/7, 45, 80, 55, 23, 4, 5
2021/5/8, 94, 130, 66, 20, 7, 4
2021/5/9, 158, 70, 50, 9, 2, 3
2021/5/10, 81, 30, 33, 27, 2, 4
2021/5/11, 59, 28, 43, 17, 4, 5
2021/5/12, 62, 27, 46, 15, 2, 4
2021/5/13, 52, 34, 70, 18, 3, 5
2021/5/14, 65, 46, 86, 23, 5, 7
2021/5/15, 87, 47, 23, 27, 6, 7
2021/5/16, 103, 21, 31, 17, 2, 4
2021/5/17, 49, 13, 31, 15, 1, 5
2021/5/18, 37, 25, 37, 21, 2, 5
2021/5/19, 60, 42, 81, 23, 3, 5
2021/5/20, 84, 31, 42, 22, 3, 5
2021/5/21, 67, 19, 43, 15, 2, 3
2021/5/22, 40, 30, 73, 13, 2, 4
2021/5/23, 62, 40, 97, 17, 3, 4
2021/5/24, 85, 51, 65, 20, 3, 5
2021/5/25, 98, 73, 46, 25, 3, 3
2021/5/26, 92, 47, 51, 29, 3, 4
2021/5/27, 73, 29, 48, 15, 3, 3
2021/5/28, 49, 37, 49, 26, 3, 4
2021/5/29, 63, 32, 52, 17, 2, 4
2021/5/30, 61, 36, 87, 13, 3, 4
2021/5/31, 67, 41, 82, 18, 4, 5
2021/6/1, 82, 49, 93, 17, 5, 6
2021/6/2, 92, 57, 99, 28, 4, 5
2021/6/3, 109, 35, 35, 24, 5, 4
2021/6/4, 79, 23, 50, 17, 2, 3
2021/6/5, 45, 48, 94, 21, 3, 4
2021/6/6, 84, 54, 93, 11, 4, 5
2021/6/7, 106, 54, 103, 24, 4, 5
2021/6/8, 94, 48, 113, 24, 7, 15
2021/6/9, 95, 49, 112, 18, 6, 5
2021/6/10, 92, 48, 84, 18, 8, 6
2021/6/11, 98, 23, 43, 19, 2, 4
2021/6/12, 61, 27, 48, 14, 2, 5
2021/6/13, 66, 33, 72, 10, 3, 7
2021/6/14, 84, 37, 53, 13, 3, 6
2021/6/15, 90, 24, 33, 12, 2, 4
2021/6/16, 59, 16, 43, 12, 3, 3
2021/6/17, 34, 22, 32, 10, 2, 3
2021/6/18, 47, 36, 43, 19, 2, 5
2021/6/19, 83, 33, 73, 17, 2, 4
2021/6/20, 67, 36, 85, 14, 3, 4
2021/6/21, 75, 33, 59, 16, 6, 4
2021/6/22, 71, 35, 46, 12, 2, 3
2021/6/23, 61, 29, 34, 11, 2, 4
2021/6/24, 66, 30, 75, 15, 2, 3
2021/6/25, 71, 42, 81, 22, 2, 4
2021/6/26, 94, 42, 55, 19, 2, 5
2021/6/27, 98, 35, 67, 9, 4, 3
2021/6/28, 84, 33, 40, 9, 1, 3
2021/6/29, 68, 33, 52, 13, 3, 2
2021/6/30, 70, 37, 53, 16, 2, 3
2021/7/1, 78, 28, 55, 13, 2, 4
2021/1/5, 93, 49, 25, 41, 5, 10
2021/1/6, 97, 33, 27, 29, 5, 8
2021/1/7, 58, 36, 25, 15, 4, 7
2021/1/8, 55, 28, 24, 17, 5, 5
2021/1/9, 50, 31, 26, 17, 4, 6
2021/1/10, 54, 25, 25, 25, 5, 8
2021/1/11, 65, 44, 10, 56, 7, 9
2021/1/12, 100, 53, 26, 50, 6, 8
2021/1/13, 109, 75, 35, 57, 5, 10
2021/1/14, 128, 72, 19, 72, 8, 12
2021/1/15, 131, 60, 32, 50, 9, 9
2021/1/16, 107, 72, 28, 18, 2, 5
2021/1/17, 118, 24, 28, 16, 2, 3
2021/1/18, 49, 48, 30, 42, 3, 5
2021/1/19, 99, 35, 27, 29, 3, 4
2021/1/20, 62, 52, 12, 67, 6, 10
2021/1/21, 110, 67, 13, 85, 8, 13
2021/1/22, 146, 60, 30, 56, 4, 11
2021/1/23, 148, 30, 36, 23, 2, 4
2021/1/24, 76, 21, 31, 19, 1, 4
2021/1/25, 51, 28, 30, 33, 3, 6
2021/1/26, 64, 31, 16, 39, 4, 6
2021/1/27, 71, 42, 29, 26, 2, 5
2021/1/28, 73, 42, 30, 31, 4, 6
2021/1/29, 74, 40, 28, 13, 3, 3
2021/1/30, 48, 62, 30, 34, 4, 6
2021/1/31, 89, 56, 33, 43, 3, 8
2021/2/1, 99, 58, 36, 57, 4, 11
2021/2/2, 123, 41, 30, 15, 3, 7
2021/2/3, 73, 42, 27, 29, 2, 5
2021/2/4, 64, 38, 30, 32, 3, 5
2021/2/5, 63, 52, 20, 60, 7, 9
2021/2/6, 96, 65, 30, 68, 8, 13
2021/2/7, 131, 67, 42, 42, 3, 10
2021/2/8, 141, 34, 29, 16, 3, 4
2021/2/9, 58, 33, 28, 24, 4, 4
2021/2/10, 59, 48, 38, 41, 5, 6
2021/2/11, 96, 54, 36, 45, 3, 8
2021/2/12, 127, 55, 38, 45, 4, 8
2021/2/13, 132, 48, 44, 49, 5, 9
2021/2/14, 117, 60, 27, 48, 4, 10
2021/2/15, 151, 44, 32, 30, 3, 6
2021/2/16, 98, 31, 30, 17, 3, 3
2021/2/17, 56, 30, 29, 11, 3, 3
2021/2/18, 46, 36, 26, 15, 3, 3
2021/2/19, 61, 47, 41, 30, 6, 4
2021/2/20, 73, 64, 49, 46, 8, 8
2021/2/21, 115, 52, 45, 47, 8, 9
2021/2/22, 108, 47, 45, 34, 8, 7
2021/2/23, 82, 34, 32, 18, 3, 3
2021/2/24, 52, 40, 31, 29, 3, 4
2021/2/25, 71, 47, 22, 44, 2, 6
2021/2/26, 99, 36, 35, 25, 3, 5
2021/2/27, 84, 25, 35, 14, 2, 4
2021/2/28, 53, 28, 30, 20, 3, 4
2021/3/1, 60, 35, 31, 26, 3, 6
2021/3/2, 83, 13, 28, 19, 2, 3
2021/3/3, 37, 38, 27, 36, 4, 5
2021/3/4, 82, 48, 17, 44, 5, 6
2021/3/5, 97, 43, 30, 39, 5, 6
2021/3/6, 90, 38, 35, 27, 2, 5
2021/3/7, 83, 22, 35, 14, 3, 3
2021/3/8, 53, 37, 39, 22, 4, 5
2021/3/9, 85, 41, 42, 29, 5, 5
2021/3/10, 88, 54, 41, 27, 3, 6
2021/3/11, 104, 52, 38, 45, 5, 7
2021/3/12, 97, 33, 35, 42, 2, 6
2021/3/13, 79, 43, 45, 28, 2, 4
2021/3/14, 94, 52, 49, 23, 2, 5
2021/3/15, 116, 56, 51, 33, 4, 7
2021/3/16, 125, 56, 40, 21, 2, 4
2021/3/17, 79, 73, 36, 24, 5, 5
2021/3/18, 79, 64, 36, 17, 4, 5
2021/3/19, 76, 43, 37, 14, 3, 3
2021/3/20, 56, 25, 35, 21, 3, 5
2021/3/21, 56, 37, 39, 10, 2, 4
2021/3/22, 80, 37, 36, 12, 2, 3
2021/3/23, 59, 74, 47, 31, 5, 4
2021/3/24, 90, 61, 42, 43, 6, 5
2021/3/25, 102, 57, 65, 42, 5, 5
2021/3/26, 89, 60, 55, 39, 6, 5
2021/3/27, 106, 50, 40, 28, 4, 5
2021/3/28, 89, 17, 47, 14, 3, 4
2021/3/29, 34, 315, 42, 20, 4, 5
2021/3/30, 146, 82, 44, 19, 3, 3
2021/3/31, 70, 56, 43, 27, 4, 4
2021/4/1, 79, 53, 44, 15, 3, 5
2020/10/2, 46, 28, 50, 9, 3, 4
2020/10/3, 68, 29, 47, 13, 2, 3
2020/10/4, 73, 30, 36, 10, 2, 4
2020/10/5, 80, 33, 29, 11, 2, 4
2020/10/6, 52, 28, 33, 23, 3, 4
2020/10/7, 58, 26, 31, 18, 2, 4
2020/10/8, 51, 25, 36, 13, 2, 3
2020/10/9, 38, 30, 39, 17, 2, 3
2020/10/10, 51, 23, 40, 11, 2, 4
2020/10/11, 41, 21, 39, 16, 4, 4
2020/10/12, 46, 38, 40, 28, 3, 6
2020/10/13, 78, 32, 34, 26, 3, 4
2020/10/14, 61, 45, 36, 35, 4, 5
2020/10/15, 81, 36, 38, 31, 3, 5
2020/10/16, 68, 47, 11, 47, 5, 5
2020/10/17, 85, 40, 46, 32, 2, 5
2020/10/18, 87, 36, 45, 28, 3, 5
2020/10/19, 79, 50, 42, 40, 3, 6
2020/10/20, 86, 52, 50, 35, 4, 6
2020/10/21, 95, 51, 18, 50, 4, 7
2020/10/22, 109, 53, 36, 32, 2, 5
2020/10/23, 102, 30, 28, 16, 2, 4
2020/10/24, 51, 33, 32, 15, 3, 4
2020/10/25, 48, 28, 44, 23, 4, 4
2020/10/26, 59, 42, 41, 42, 4, 6
2020/10/27, 78, 57, 49, 46, 3, 6
2020/10/28, 120, 61, 46, 40, 4, 5
2020/10/29, 123, 43, 33, 36, 3, 4
2020/10/30, 69, 36, 25, 29, 3, 4
2020/10/31, 72, 33, 32, 33, 3, 5
2020/11/1, 66, 36, 14, 42, 3, 7
2020/11/2, 83, 49, 27, 29, 3, 6
2020/11/3, 84, 40, 25, 21, 4, 4
2020/11/4, 58, 35, 26, 20, 4, 3
2020/11/5, 59, 47, 15, 43, 5, 5
2020/11/6, 86, 65, 5, 69, 8, 10
2020/11/7, 133, 59, 45, 42, 6, 9
2020/11/8, 117, 54, 34, 23, 6, 5
2020/11/9, 78, 39, 24, 23, 3, 4
2020/11/10, 53, 41, 27, 36, 5, 6
2020/11/11, 74, 49, 24, 45, 5, 7
2020/11/12, 96, 62, 25, 58, 6, 9
2020/11/13, 124, 65, 38, 59, 7, 9
2020/11/14, 127, 54, 33, 41, 4, 7
2020/11/15, 112, 46, 34, 37, 3, 8
2020/11/16, 94, 64, 42, 47, 5, 10
2020/11/17, 136, 75, 25, 57, 4, 10
2020/11/18, 156, 58, 30, 39, 4, 8
2020/11/19, 124, 23, 27, 15, 2, 5
2020/11/20, 47, 23, 25, 14, 1, 5
2020/11/21, 54, 33, 18, 24, 3, 4
2020/11/22, 74, 27, 26, 17, 3, 4
2020/11/23, 69, 32, 24, 16, 3, 3
2020/11/24, 64, 39, 15, 38, 4, 6
2020/11/25, 78, 43, 26, 34, 4, 6
2020/11/26, 82, 54, 20, 38, 4, 6
2020/11/27, 112, 41, 23, 28, 4, 4
2020/11/28, 91, 20, 22, 11, 2, 2
2020/11/29, 51, 14, 26, 10, 1, 2
2020/11/30, 41, 21, 24, 15, 3, 3
2020/12/1, 53, 33, 17, 28, 3, 3
2020/12/2, 71, 32, 13, 31, 4, 4
2020/12/3, 70, 32, 25, 28, 3, 3
2020/12/4, 67, 34, 26, 30, 4, 5
2020/12/5, 62, 37, 27, 36, 5, 6
2020/12/6, 76, 39, 30, 39, 4, 7
2020/12/7, 88, 58, 27, 44, 6, 10
2020/12/8, 128, 39, 26, 28, 3, 5
2020/12/9, 76, 47, 15, 48, 4, 7
2020/12/10, 92, 48, 24, 51, 4, 8
2020/12/11, 95, 63, 25, 51, 7, 11
2020/12/12, 141, 58, 32, 36, 5, 9
2020/12/13, 113, 48, 30, 30, 4, 7
2020/12/14, 108, 24, 22, 15, 4, 4
2020/12/15, 42, 31, 22, 20, 4, 5
2020/12/16, 52, 37, 24, 21, 3, 5
2020/12/17, 54, 31, 23, 27, 5, 6
2020/12/18, 53, 48, 26, 43, 8, 9
2020/12/19, 95, 29, 24, 20, 3, 5
2020/12/20, 52, 24, 29, 22, 4, 5
2020/12/21, 58, 47, 20, 45, 7, 9
2020/12/22, 90, 61, 27, 52, 6, 10
2020/12/23, 127, 71, 20, 73, 8, 13
2020/12/24, 151, 69, 31, 57, 6, 11
2020/12/25, 125, 37, 29, 23, 3, 5
2020/12/26, 62, 54, 17, 57, 5, 10
2020/12/27, 106, 57, 10, 46, 5, 11
2020/12/28, 142, 64, 11, 56, 5, 11
2020/12/29, 138, 62, 22, 52, 6, 12
2020/12/30, 141, 29, 24, 13, 4, 4
2020/12/31, 55, 30, 23, 17, 3, 6
2021/1/1, 53, 25, 24, 22, 4, 7
2021/1/2, 64, 44, 28, 25, 5, 9
2021/1/3, 81, 40, 28, 16, 5, 7
2021/1/4, 66, 50, 22, 44, 6, 9
2020/7/2, 38, 32, 47, 21, 3, 3
2020/7/3, 73, 26, 28, 17, 5, 4
2020/7/4, 57, 22, 36, 13, 3, 3
2020/7/5, 49, 30, 43, 13, 3, 5
2020/7/6, 71, 37, 39, 24, 4, 5
2020/7/7, 78, 34, 52, 19, 3, 4
2020/7/8, 63, 41, 81, 19, 4, 4
2020/7/9, 88, 55, 64, 15, 5, 7
2020/7/10, 128, 22, 39, 18, 4, 5
2020/7/11, 54, 31, 52, 18, 4, 5
2020/7/12, 73, 25, 30, 8, 3, 4
2020/7/13, 64, 13, 31, 11, 3, 3
2020/7/14, 25, 15, 28, 12, 2, 3
2020/7/15, 29, 24, 25, 12, 3, 3
2020/7/16, 42, 27, 45, 17, 4, 5
2020/7/17, 60, 30, 47, 15, 5, 6
2020/7/18, 60, 28, 37, 13, 4, 4
2020/7/19, 46, 31, 30, 13, 3, 4
2020/7/20, 70, 32, 34, 13, 4, 5
2020/7/21, 61, 24, 59, 20, 4, 5
2020/7/22, 54, 23, 36, 18, 3, 5
2020/7/23, 51, 21, 33, 17, 4, 5
2020/7/24, 53, 18, 29, 16, 3, 4
2020/7/25, 40, 17, 34, 18, 4, 5
2020/7/26, 47, 25, 41, 11, 3, 5
2020/7/27, 63, 40, 30, 17, 4, 4
2020/7/28, 103, 26, 26, 17, 2, 4
2020/7/29, 59, 37, 12, 22, 4, 6
2020/7/30, 89, 32, 22, 27, 3, 5
2020/7/31, 74, 32, 26, 23, 6, 4
2020/8/1, 57, 40, 35, 19, 3, 4
2020/8/2, 79, 35, 26, 12, 3, 4
2020/8/3, 50, 42, 21, 9, 5, 3
2020/8/4, 51, 47, 23, 10, 3, 4
2020/8/5, 102, 37, 12, 7, 4, 2
2020/8/6, 81, 21, 14, 7, 3, 2
2020/8/7, 53, 17, 18, 15, 1, 3
2020/8/8, 44, 7, 16, 14, 1, 3
2020/8/9, 19, 12, 14, 5, 2, 3
2020/8/10, 19, 8, 9, 7, 1, 3
2020/8/11, 20, 26, 22, 13, 2, 4
2020/8/12, 51, 31, 25, 16, 3, 4
2020/8/13, 55, 34, 32, 13, 4, 5
2020/8/14, 58, 41, 54, 13, 4, 5
2020/8/15, 65, 34, 49, 14, 4, 4
2020/8/16, 67, 23, 25, 11, 4, 3
2020/8/17, 56, 27, 33, 13, 2, 3
2020/8/18, 64, 33, 45, 18, 3, 3
2020/8/19, 72, 39, 52, 19, 3, 3
2020/8/20, 87, 43, 66, 21, 3, 3
2020/8/21, 94, 49, 63, 14, 2, 5
2020/8/22, 106, 30, 39, 9, 2, 5
2020/8/23, 73, 29, 41, 9, 3, 4
2020/8/24, 65, 37, 52, 19, 3, 4
2020/8/25, 87, 40, 41, 18, 3, 3
2020/8/26, 84, 33, 30, 11, 3, 4
2020/8/27, 71, 25, 81, 11, 2, 4
2020/8/28, 57, 26, 36, 19, 2, 5
2020/8/29, 54, 22, 26, 11, 2, 4
2020/8/30, 40, 21, 32, 7, 3, 4
2020/8/31, 53, 21, 28, 9, 2, 4
2020/9/1, 43, 30, 30, 13, 3, 5
2020/9/2, 55, 22, 23, 13, 3, 5
2020/9/3, 44, 33, 46, 11, 3, 4
2020/9/4, 51, 45, 64, 26, 4, 4
2020/9/5, 86, 44, 41, 24, 4, 5
2020/9/6, 96, 28, 33, 15, 1, 4
2020/9/7, 58, 14, 32, 10, 3, 3
2020/9/8, 22, 61, 39, 34, 2, 8
2020/9/9, 133, 49, 58, 25, 2, 6
2020/9/10, 102, 40, 52, 28, 2, 5
2020/9/11, 86, 41, 40, 18, 1, 5
2020/9/12, 86, 25, 30, 19, 1, 3
2020/9/13, 54, 21, 37, 12, 1, 3
2020/9/14, 50, 31, 44, 18, 2, 4
2020/9/15, 62, 37, 72, 23, 3, 5
2020/9/16, 81, 38, 32, 24, 2, 4
2020/9/17, 78, 36, 34, 24, 4, 5
2020/9/18, 82, 39, 38, 23, 3, 4
2020/9/19, 76, 35, 46, 21, 3, 4
2020/9/20, 69, 26, 46, 15, 3, 4
2020/9/21, 61, 30, 39, 22, 2, 4
2020/9/22, 68, 28, 29, 20, 3, 4
2020/9/23, 53, 22, 28, 23, 3, 4
2020/9/24, 47, 24, 32, 18, 2, 2
2020/9/25, 45, 26, 33, 21, 3, 3
2020/9/26, 55, 25, 38, 22, 3, 3
2020/9/27, 54, 19, 36, 9, 2, 2
2020/9/28, 47, 27, 34, 20, 3, 4
2020/9/29, 60, 33, 52, 25, 3, 4
2020/9/30, 71, 14, 33, 11, 2, 3
2020/10/1, 34, 19, 36, 8, 2, 4
2020/4/2, 108, 44, 45, 28, 5, 4
2020/4/3, 78, 48, 52, 30, 5, 5
2020/4/4, 99, 61, 59, 28, 5, 5
2020/4/5, 102, 36, 46, 15, 4, 4
2020/4/6, 60, 47, 51, 32, 5, 5
2020/4/7, 89, 71, 89, 27, 6, 6
2020/4/8, 116, 43, 47, 16, 4, 5
2020/4/9, 79, 49, 52, 27, 4, 4
2020/4/10, 87, 31, 40, 14, 2, 4
2020/4/11, 74, 33, 41, 22, 3, 5
2020/4/12, 73, 26, 43, 9, 2, 3
2020/4/13, 62, 21, 40, 13, 2, 4
2020/4/14, 49, 38, 47, 36, 4, 4
2020/4/15, 78, 48, 81, 27, 3, 5
2020/4/16, 96, 40, 43, 12, 2, 4
2020/4/17, 67, 31, 34, 23, 2, 5
2020/4/18, 70, 36, 43, 15, 1, 4
2020/4/19, 79, 25, 43, 13, 3, 5
2020/4/20, 63, 23, 50, 16, 3, 5
2020/4/21, 55, 33, 42, 14, 3, 4
2020/4/22, 51, 49, 36, 13, 3, 4
2020/4/23, 53, 52, 43, 13, 3, 4
2020/4/24, 62, 41, 45, 19, 4, 4
2020/4/25, 59, 52, 92, 21, 5, 4
2020/4/26, 78, 37, 52, 9, 4, 5
2020/4/27, 73, 32, 52, 20, 3, 4
2020/4/28, 73, 35, 58, 26, 2, 4
2020/4/29, 79, 49, 81, 32, 4, 5
2020/4/30, 93, 44, 65, 24, 4, 4
2020/5/1, 83, 53, 65, 16, 3, 5
2020/5/2, 89, 51, 58, 15, 4, 4
2020/5/3, 93, 36, 37, 9, 3, 3
2020/5/4, 87, 47, 51, 7, 3, 4
2020/5/5, 84, 35, 33, 9, 2, 5
2020/5/6, 60, 33, 45, 14, 3, 4
2020/5/7, 58, 16, 45, 15, 3, 4
2020/5/8, 35, 25, 38, 15, 4, 3
2020/5/9, 55, 14, 32, 17, 2, 3
2020/5/10, 34, 19, 43, 10, 2, 4
2020/5/11, 46, 52, 53, 27, 3, 5
2020/5/12, 73, 52, 50, 13, 3, 3
2020/5/13, 66, 43, 46, 18, 2, 3
2020/5/14, 51, 72, 60, 37, 4, 4
2020/5/15, 81, 40, 35, 23, 3, 4
2020/5/16, 63, 37, 46, 14, 2, 4
2020/5/17, 86, 47, 85, 12, 3, 6
2020/5/18, 97, 38, 50, 18, 3, 6
2020/5/19, 88, 20, 39, 10, 2, 4
2020/5/20, 45, 13, 32, 12, 3, 3
2020/5/21, 28, 28, 44, 15, 4, 6
2020/5/22, 62, 28, 27, 12, 4, 5
2020/5/23, 58, 25, 60, 16, 4, 4
2020/5/24, 55, 29, 43, 16, 8, 4
2020/5/25, 62, 26, 52, 24, 6, 3
2020/5/26, 60, 38, 58, 17, 3, 5
2020/5/27, 88, 22, 46, 15, 4, 3
2020/5/28, 46, 25, 69, 25, 5, 4
2020/5/29, 56, 37, 60, 23, 3, 4
2020/5/30, 68, 34, 87, 19, 6, 4
2020/5/31, 65, 37, 81, 15, 5, 4
2020/6/1, 77, 34, 48, 18, 5, 4
2020/6/2, 61, 24, 51, 28, 5, 2
2020/6/3, 36, 37, 70, 21, 5, 5
2020/6/4, 71, 50, 80, 26, 4, 4
2020/6/5, 94, 69, 101, 26, 4, 5
2020/6/6, 111, 61, 61, 11, 3, 6
2020/6/7, 100, 39, 88, 12, 5, 5
2020/6/8, 69, 48, 106, 28, 4, 4
2020/6/9, 88, 58, 101, 28, 4, 4
2020/6/10, 107, 50, 106, 23, 2, 3
2020/6/11, 98, 31, 62, 21, 2, 4
2020/6/12, 73, 48, 55, 26, 2, 6
2020/6/13, 110, 26, 53, 16, 2, 4
2020/6/14, 60, 22, 37, 11, 1, 4
2020/6/15, 51, 33, 63, 25, 3, 4
2020/6/16, 65, 36, 82, 25, 3, 4
2020/6/17, 68, 43, 71, 29, 2, 4
2020/6/18, 75, 31, 41, 21, 3, 4
2020/6/19, 69, 30, 61, 21, 2, 4
2020/6/20, 63, 29, 51, 11, 3, 4
2020/6/21, 65, 30, 46, 12, 7, 6
2020/6/22, 66, 36, 78, 28, 7, 6
2020/6/23, 72, 43, 94, 30, 5, 6
2020/6/24, 86, 36, 32, 20, 4, 4
2020/6/25, 77, 33, 34, 19, 3, 5
2020/6/26, 73, 32, 48, 19, 2, 5
2020/6/27, 63, 42, 71, 27, 4, 5
2020/6/28, 88, 36, 65, 13, 3, 5
2020/6/29, 81, 47, 50, 15, 3, 7
2020/6/30, 113, 20, 37, 13, 2, 4
2020/7/1, 36, 18, 35, 16, 2, 2
2020/1/2, 71, 54, 27, 38, 7, 11
2020/1/3, 130, 64, 24, 47, 9, 12
2020/1/4, 150, 55, 28, 45, 10, 12
2020/1/5, 133, 50, 24, 42, 9, 13
2020/1/6, 127, 56, 2, 49, 8, 13
2020/1/7, 143, 52, 34, 54, 8, 18
2020/1/8, 133, 19, 26, 19, 5, 8
2020/1/9, 50, 40, 31, 26, 5, 9
2020/1/10, 100, 53, 21, 49, 7, 10
2020/1/11, 133, 52, 37, 39, 8, 11
2020/1/12, 129, 37, 35, 25, 5, 7
2020/1/13, 95, 26, 30, 26, 5, 6
2020/1/14, 66, 35, 26, 31, 6, 9
2020/1/15, 86, 42, 27, 35, 5, 9
2020/1/16, 106, 44, 21, 40, 7, 10
2020/1/17, 100, 55, 11, 53, 9, 11
2020/1/18, 126, 49, 26, 48, 8, 11
2020/1/19, 123, 55, 40, 38, 7, 12
2020/1/20, 139, 58, 31, 37, 7, 11
2020/1/21, 125, 41, 26, 40, 7, 9
2020/1/22, 86, 65, 3, 64, 11, 14
2020/1/23, 139, 52, 4, 49, 7, 13
2020/1/24, 132, 48, 35, 29, 5, 10
2020/1/25, 125, 26, 32, 20, 3, 10
2020/1/26, 58, 24, 32, 22, 5, 10
2020/1/27, 57, 11, 34, 11, 3, 7
2020/1/28, 25, 17, 28, 28, 4, 9
2020/1/29, 44, 29, 22, 30, 5, 10
2020/1/30, 71, 23, 30, 23, 5, 8
2020/1/31, 58, 35, 26, 31, 4, 9
2020/2/1, 87, 59, 41, 37, 7, 13
2020/2/2, 145, 74, 41, 42, 7, 15
2020/2/3, 161, 40, 35, 30, 5, 9
2020/2/4, 96, 40, 27, 35, 4, 7
2020/2/5, 91, 29, 30, 19, 3, 5
2020/2/6, 74, 33, 24, 31, 4, 6
2020/2/7, 76, 51, 29, 39, 5, 8
2020/2/8, 118, 40, 35, 19, 4, 8
2020/2/9, 102, 36, 38, 22, 5, 7
2020/2/10, 88, 48, 37, 40, 8, 12
2020/2/11, 120, 65, 29, 54, 10, 14
2020/2/12, 153, 63, 19, 53, 7, 15
2020/2/13, 157, 37, 32, 33, 6, 13
2020/2/14, 93, 53, 34, 43, 7, 11
2020/2/15, 127, 51, 50, 32, 7, 9
2020/2/16, 123, 20, 33, 13, 4, 6
2020/2/17, 54, 25, 32, 15, 3, 4
2020/2/18, 56, 27, 31, 24, 5, 5
2020/2/19, 71, 38, 39, 39, 6, 6
2020/2/20, 91, 59, 40, 53, 8, 9
2020/2/21, 136, 65, 42, 44, 8, 8
2020/2/22, 131, 56, 40, 18, 5, 6
2020/2/23, 84, 27, 39, 17, 5, 5
2020/2/24, 61, 45, 27, 47, 8, 8
2020/2/25, 95, 23, 33, 36, 5, 8
2020/2/26, 64, 26, 33, 27, 4, 6
2020/2/27, 66, 16, 33, 13, 5, 5
2020/2/28, 42, 32, 19, 31, 5, 6
2020/2/29, 79, 39, 26, 29, 4, 5
2020/3/1, 93, 40, 40, 22, 5, 7
2020/3/2, 96, 42, 38, 19, 4, 5
2020/3/3, 98, 21, 26, 25, 4, 3
2020/3/4, 53, 36, 39, 19, 3, 4
2020/3/5, 76, 41, 40, 26, 3, 6
2020/3/6, 102, 49, 38, 42, 6, 6
2020/3/7, 116, 52, 23, 46, 6, 6
2020/3/8, 125, 40, 46, 22, 4, 6
2020/3/9, 104, 42, 31, 37, 4, 7
2020/3/10, 99, 33, 39, 26, 4, 5
2020/3/11, 83, 33, 33, 19, 4, 4
2020/3/12, 67, 45, 37, 31, 7, 5
2020/3/13, 89, 45, 37, 31, 6, 5
2020/3/14, 92, 29, 42, 12, 5, 3
2020/3/15, 56, 40, 39, 13, 5, 4
2020/3/16, 74, 30, 35, 21, 5, 4
2020/3/17, 62, 55, 56, 30, 7, 5
2020/3/18, 114, 54, 49, 33, 7, 5
2020/3/19, 114, 60, 44, 33, 7, 6
2020/3/20, 90, 54, 35, 16, 5, 4
2020/3/21, 53, 58, 71, 30, 7, 6
2020/3/22, 90, 54, 56, 16, 4, 6
2020/3/23, 91, 45, 48, 26, 5, 5
2020/3/24, 78, 44, 49, 31, 6, 5
2020/3/25, 88, 50, 61, 31, 6, 5
2020/3/26, 111, 55, 26, 51, 7, 6
2020/3/27, 114, 42, 29, 26, 5, 7
2020/3/28, 106, 39, 33, 16, 4, 4
2020/3/29, 61, 33, 40, 12, 3, 4
2020/3/30, 65, , , , , 
2019/10/2, 110, 24, 20, 19, 3, 5
2019/10/3, 61, 17, 29, 16, 3, 3
2019/10/4, 40, 38, 45, 23, 4, 6
2019/10/5, 79, 40, 48, 16, 4, 5
2019/10/6, 79, 24, 36, 8, 2, 3
2019/10/7, 34, 25, 24, 23, 3, 5
2019/10/8, 57, 30, 45, 24, 3, 5
2019/10/9, 64, 33, 34, 28, 4, 4
2019/10/10, 62, 38, 43, 34, 4, 5
2019/10/11, 81, 35, 43, 28, 4, 5
2019/10/12, 74, 34, 39, 21, 3, 4
2019/10/13, 64, 28, 36, 16, 3, 3
2019/10/14, 48, 36, 41, 27, 3, 5
2019/10/15, 69, 30, 33, 17, 3, 4
2019/10/16, 57, 34, 36, 29, 4, 5
2019/10/17, 78, 35, 30, 26, 5, 6
2019/10/18, 74, 35, 23, 32, 4, 6
2019/10/19, 77, 23, 34, 23, 3, 5
2019/10/20, 52, 31, 45, 24, 3, 6
2019/10/21, 72, 35, 40, 27, 4, 6
2019/10/22, 71, 34, 39, 27, 5, 6
2019/10/23, 76, 40, 40, 25, 4, 6
2019/10/24, 79, 34, 34, 26, 3, 6
2019/10/25, 70, 31, 39, 27, 3, 6
2019/10/26, 60, 36, 40, 21, 4, 6
2019/10/27, 75, 29, 41, 19, 4, 5
2019/10/28, 57, 44, 37, 37, 6, 7
2019/10/29, 90, 75, 41, 35, 4, 7
2019/10/30, 116, 48, 36, 32, 5, 6
2019/10/31, 81, 57, 42, 38, 6, 8
2019/11/1, 109, 79, 64, 38, 6, 8
2019/11/2, 138, 69, 43, 39, 6, 9
2019/11/3, 129, 59, 56, 22, 6, 8
2019/11/4, 120, 28, 35, 22, 5, 6
2019/11/5, 49, 47, 40, 35, 6, 9
2019/11/6, 99, 56, 43, 42, 7, 9
2019/11/7, 123, 48, 40, 38, 7, 9
2019/11/8, 90, 53, 37, 35, 7, 9
2019/11/9, 96, 53, 33, 39, 6, 9
2019/11/10, 110, 48, 39, 38, 6, 11
2019/11/11, 107, 33, 41, 26, 4, 10
2019/11/12, 67, 50, 29, 38, 5, 11
2019/11/13, 106, 55, 6, 37, 6, 9
2019/11/14, 125, , , , 4, 7
2019/11/15, 53, 62, 18, 52, 9, 11
2019/11/16, 114, 60, 17, 38, 7, 12
2019/11/17, 110, 66, 4, 39, 8, 15
2019/11/18, 155, 54, 33, 18, 4, 8
2019/11/19, 71, 32, 29, 15, 4, 4
2019/11/20, 56, 32, 28, 28, 4, 6
2019/11/21, 67, 50, 17, 44, 7, 8
2019/11/22, 105, 49, 25, 40, 8, 9
2019/11/23, 99, 47, 24, 38, 7, 9
2019/11/24, 103, 46, 23, 35, 8, 10
2019/11/25, 103, 25, 28, 16, 4, 5
2019/11/26, 56, 22, 32, 23, 2, 4
2019/11/27, 44, 39, 21, 31, 5, 7
2019/11/28, 86, 42, 24, 33, 5, 8
2019/11/29, 88, 38, 28, 32, 5, 8
2019/11/30, 81, 53, 13, 46, 6, 9
2019/12/1, 112, 42, 20, 36, 6, 8
2019/12/2, 108, 27, 31, 16, 5, 6
2019/12/3, 66, 28, 28, 24, 5, 6
2019/12/4, 61, 42, 29, 34, 6, 8
2019/12/5, 93, 37, 30, 26, 6, 8
2019/12/6, 87, 26, 29, 24, 5, 7
2019/12/7, 61, 40, 30, 34, 7, 9
2019/12/8, 92, 53, 29, 36, 7, 10
2019/12/9, 134, 60, 17, 50, 9, 13
2019/12/10, 139, 81, 17, 77, 13, 20
2019/12/11, 161, 76, 42, 47, 9, 15
2019/12/12, 154, 28, 29, 21, 5, 7
2019/12/13, 58, 49, 13, 41, 8, 10
2019/12/14, 104, 45, 29, 33, 7, 10
2019/12/15, 105, 47, 21, 41, 6, 11
2019/12/16, 107, 53, 11, 50, 8, 13
2019/12/17, 120, 57, 13, 45, 9, 12
2019/12/18, 128, 39, 28, 22, 5, 8
2019/12/19, 98, 29, 30, 23, 6, 6
2019/12/20, 73, 38, 26, 30, 7, 8
2019/12/21, 94, 51, 20, 37, 7, 10
2019/12/22, 127, 57, 12, 47, 8, 13
2019/12/23, 144, 61, 27, 42, 8, 12
2019/12/24, 148, 62, 23, 49, 8, 13
2019/12/25, 152, 65, 17, 54, 11, 14
2019/12/26, 157, 49, 19, 41, 9, 12
2019/12/27, 125, 33, 33, 26, 7, 8
2019/12/28, 78, 48, 23, 42, 8, 10
2019/12/29, 112, 60, 5, 46, 9, 13
2019/12/30, 143, , , , , 
2019/7/2, 96, 36, 63, 22, 3, 3
2019/7/3, 80, 47, 77, 30, 4, 3
2019/7/4, 100, 48, 89, 30, 4, 4
2019/7/5, 104, 51, 111, 26, 7, 5
2019/7/6, 111, 37, 46, 14, 4, 4
2019/7/7, 72, 28, 44, 8, 2, 2
2019/7/8, 54, 26, 39, 13, 2, 2
2019/7/9, 50, 25, 33, 13, 3, 2
2019/7/10, 53, 23, 28, 17, 3, 3
2019/7/11, 46, 20, 27, 18, 2, 3
2019/7/12, 44, 22, 41, 21, 3, 3
2019/7/13, 48, 43, 66, 28, 3, 3
2019/7/14, 88, 39, 57, 10, 4, 3
2019/7/15, 79, 38, 39, 15, 4, 6
2019/7/16, 86, 31, 54, 16, 3, 3
2019/7/17, 71, 32, 53, 16, 4, 4
2019/7/18, 69, 34, 43, 22, 3, 3
2019/7/19, 77, 29, 11, 18, 3, 3
2019/7/20, 63, 13, 16, 10, 2, 2
2019/7/21, 24, 17, 30, 11, 3, 3
2019/7/22, 39, 37, 44, 20, 4, 3
2019/7/23, 79, 40, 38, 20, 4, 4
2019/7/24, 78, 29, 30, 13, 4, 3
2019/7/25, 62, 35, 26, 16, 3, 2
2019/7/26, 80, 35, 32, 15, 3, 3
2019/7/27, 69, 34, 42, 18, 4, 3
2019/7/28, 74, 26, 47, 9, 3, 2
2019/7/29, 57, 27, 43, 11, 5, 4
2019/7/30, 59, 24, 30, 12, 5, 2
2019/7/31, 55, 25, 31, 13, 4, 2
2019/8/1, 53, 24, 42, 14, 3, 3
2019/8/2, 55, 30, 72, 16, 4, 3
2019/8/3, 66, 38, 55, 18, 6, 5
2019/8/4, 81, 42, 75, 17, 8, 5
2019/8/5, 93, 41, 60, 16, 8, 3
2019/8/6, 87, 26, 26, 14, 3, 2
2019/8/7, 55, 32, 49, 15, 4, 3
2019/8/8, 70, 38, 41, 21, 5, 3
2019/8/9, 81, 31, 51, 22, 5, 3
2019/8/10, 66, 32, 37, 14, 7, 3
2019/8/11, 67, 28, 37, 7, 5, 3
2019/8/12, 62, 27, 27, 10, 5, 3
2019/8/13, 59, 27, 42, 13, 5, 3
2019/8/14, 57, 28, 24, 13, 2, 2
2019/8/15, 55, 19, 18, 14, 3, 3
2019/8/16, 39, 21, 38, 15, 4, 4
2019/8/17, 44, 36, 61, 18, 4, 4
2019/8/18, 74, 38, 68, 12, 4, 5
2019/8/19, 82, 49, 73, 21, 5, 6
2019/8/20, 108, 35, 49, 13, 4, 4
2019/8/21, 71, 33, 43, 21, 3, 4
2019/8/22, 73, 22, 35, 20, 3, 3
2019/8/23, 51, 41, 55, 29, 4, 5
2019/8/24, 83, 41, 48, 25, 3, 5
2019/8/25, 82, 32, 51, 18, 4, 5
2019/8/26, 71, 36, 81, 24, 4, 5
2019/8/27, 79, 31, 69, 22, 4, 5
2019/8/28, 78, 25, 28, 21, 3, 6
2019/8/29, 72, 34, 25, 22, 4, 6
2019/8/30, 90, 29, 36, 16, 2, 4
2019/8/31, 60, 29, 47, 22, 3, 3
2019/9/1, 64, 32, 43, 20, 3, 4
2019/9/2, 72, 33, 33, 25, 3, 5
2019/9/3, 75, 29, 17, 24, 5, 7
2019/9/4, 76, 30, 21, 21, 4, 5
2019/9/5, 73, 33, 31, 21, 3, 4
2019/9/6, 74, 39, 29, 16, 6, 3
2019/9/7, 81, 20, 23, 8, 3, 3
2019/9/8, 36, 29, 42, 16, 3, 4
2019/9/9, 59, 32, 44, 25, 4, 5
2019/9/10, 68, 42, 56, 25, 3, 5
2019/9/11, 83, 38, 57, 21, 3, 5
2019/9/12, 81, 21, 42, 12, 2, 3
2019/9/13, 37, 19, 49, 9, 2, 3
2019/9/14, 30, 21, 47, 15, 3, 4
2019/9/15, 42, 23, 40, 10, 2, 3
2019/9/16, 47, 22, 38, 13, 3, 2
2019/9/17, 31, 29, 37, 19, 4, 2
2019/9/18, 49, 36, 55, 22, 3, 3
2019/9/19, 64, 35, 38, 17, 3, 4
2019/9/20, 60, 29, 33, 14, 5, 3
2019/9/21, 50, 22, 34, 18, 3, 3
2019/9/22, 50, 12, 44, 12, 2, 3
2019/9/23, 21, 18, 36, 20, 3, 3
2019/9/24, 39, 32, 39, 24, 4, 4
2019/9/25, 69, 34, 40, 23, 6, 5
2019/9/26, 74, 33, 39, 19, 3, 4
2019/9/27, 68, 37, 37, 20, 5, 5
2019/9/28, 75, 33, 31, 21, 3, 6
2019/9/29, 80, 32, 63, 19, 4, 5
2019/9/30, 81, 46, 60, 30, 4, 5
2019/10/1, 104, 45, 16, 24, 6, 6
2019/4/2, 63, 41, 46, 26, 5, 5
2019/4/3, 83, 42, 45, 21, 6, 5
2019/4/4, 82, 46, 57, 23, 6, 5
2019/4/5, 82, 61, 56, 26, 5, 2
2019/4/6, 97, 57, 49, 24, 5, 6
2019/4/7, 67, 61, 60, 27, 8, 7
2019/4/8, 115, 59, 57, 22, 7, 5
2019/4/9, 85, 31, 43, 16, 5, 4
2019/4/10, 53, 11, 45, 15, 2, 4
2019/4/11, 21, 26, 37, 23, 4, 5
2019/4/12, 62, 34, 51, 20, 5, 5
2019/4/13, 71, 50, 73, 32, 6, 6
2019/4/14, 102, 42, 61, 21, 5, 6
2019/4/15, 84, 56, 53, 24, 4, 5
2019/4/16, 72, 53, 56, 23, 6, 4
2019/4/17, 80, 51, 63, 27, 8, 5
2019/4/18, 93, 53, 63, 30, 6, 6
2019/4/19, 100, 48, 41, 18, 3, 4
2019/4/20, 71, 49, 51, 24, 5, 5
2019/4/21, 83, 51, 50, 18, 4, 5
2019/4/22, 95, 56, 58, 18, 9, 8
2019/4/23, 98, 52, 37, 30, 9, 8
2019/4/24, 93, 36, 38, 24, 4, 6
2019/4/25, 80, 57, 42, 12, 5, 4
2019/4/26, 75, 18, 35, 15, 3, 4
2019/4/27, 39, 24, 42, 18, 3, 4
2019/4/28, 50, 29, 45, 18, 3, 4
2019/4/29, 62, 32, 26, 34, 4, 6
2019/4/30, 75, 28, 37, 22, 2, 5
2019/5/1, 65, 53, 40, 22, 4, 6
2019/5/2, 94, 70, 59, 28, 4, 5
2019/5/3, 106, 57, 64, 37, 5, 4
2019/5/4, 99, 64, 107, 37, 7, 7
2019/5/5, 130, 62, 90, 23, 7, 7
2019/5/6, 123, 54, 53, 16, 5, 4
2019/5/7, 77, 42, 52, 21, 4, 4
2019/5/8, 66, 53, 49, 25, 8, 4
2019/5/9, 85, 54, 75, 28, 5, 4
2019/5/10, 93, 56, 109, 33, 6, 5
2019/5/11, 99, 64, 113, 38, 8, 6
2019/5/12, 128, 54, 85, 18, 5, 5
2019/5/13, 108, 55, 80, 16, 6, 6
2019/5/14, 113, 55, 79, 23, 6, 5
2019/5/15, 117, 47, 63, 17, 5, 4
2019/5/16, 93, 52, 95, 26, 5, 6
2019/5/17, 110, 39, 60, 22, 6, 4
2019/5/18, 80, 25, 36, 13, 3, 4
2019/5/19, 55, 30, 37, 12, 3, 4
2019/5/20, 62, 40, 38, 12, 3, 4
2019/5/21, 56, 41, 54, 20, 3, 3
2019/5/22, 66, 48, 70, 33, 5, 4
2019/5/23, 83, 59, 95, 39, 5, 5
2019/5/24, 112, 66, 128, 41, 9, 6
2019/5/25, 140, 62, 83, 31, 8, 6
2019/5/26, 131, 50, 85, 13, 8, 4
2019/5/27, 85, 26, 57, 10, 3, 3
2019/5/28, 53, 24, 43, 11, 3, 3
2019/5/29, 36, 43, 66, 25, 4, 5
2019/5/30, 75, 47, 72, 26, 4, 5
2019/5/31, 89, 34, 67, 18, 4, 4
2019/6/1, 74, 37, 64, 22, 3, 4
2019/6/2, 72, 42, 78, 20, 4, 4
2019/6/3, 82, 56, 102, 29, 9, 11
2019/6/4, 110, 60, 117, 29, 6, 6
2019/6/5, 128, 53, 104, 24, 5, 5
2019/6/6, 98, 56, 93, 26, 7, 5
2019/6/7, 122, 21, 53, 18, 2, 4
2019/6/8, 43, 39, 61, 21, 3, 6
2019/6/9, 77, 37, 43, 9, 4, 5
2019/6/10, 81, 22, 40, 13, 3, 3
2019/6/11, 43, 23, 40, 12, 2, 3
2019/6/12, 46, 36, 63, 15, 5, 5
2019/6/13, 70, 44, 92, 23, 7, 6
2019/6/14, 86, 51, 32, 40, 7, 5
2019/6/15, 101, 47, 68, 17, 3, 4
2019/6/16, 86, 43, 57, 8, 3, 4
2019/6/17, 62, 36, 51, 10, 3, 3
2019/6/18, 70, 46, 60, 19, 4, 5
2019/6/19, 88, 48, 63, 23, 3, 5
2019/6/20, 102, , , , , 
2019/6/22, 104, 21, 45, 9, 2, 2
2019/6/23, 39, 19, 44, 8, 2, 2
2019/6/24, 39, 28, 72, 15, 4, 3
2019/6/25, 58, 41, 94, 25, 5, 4
2019/6/26, 85, 43, 35, 32, 6, 5
2019/6/27, 97, 22, 36, 22, 4, 5
2019/6/28, 54, 34, 41, 16, 4, 5
2019/6/29, 73, 32, 28, 20, 4, 5
2019/6/30, 74, 27, 51, 6, 2, 4
2019/7/1, 59, 47, 38, 11, 3, 5
2019/1/2, 76, 36, 27, 26, 6, 7
2019/1/3, 69, 43, 26, 35, 8, 8
2019/1/4, 86, 62, 20, 44, 10, 10
2019/1/5, 126, 65, 30, 38, 9, 9
2019/1/6, 137, 48, 24, 35, 8, 8
2019/1/7, 98, 57, 26, 37, 11, 9
2019/1/8, 113, 57, 26, 27, 9, 7
2019/1/9, 113, 51, 21, 31, 7, 7
2019/1/10, 84, 46, 24, 31, 8, 6
2019/1/11, 92, 64, 19, 42, 10, 10
2019/1/12, 134, 63, 14, 44, 7, 10
2019/1/13, 150, 73, 29, 44, 7, 13
2019/1/14, 163, 86, 26, 50, 9, 12
2019/1/15, 170, 83, 34, 36, 8, 11
2019/1/16, 163, 47, 26, 20, 6, 5
2019/1/17, 64, 49, 27, 30, 7, 7
2019/1/18, 98, 67, 27, 46, 12, 13
2019/1/19, 139, 74, 25, 51, 11, 13
2019/1/20, 156, 49, 36, 18, 6, 6
2019/1/21, 102, 38, 28, 24, 6, 6
2019/1/22, 64, 65, 31, 41, 11, 9
2019/1/23, 118, 77, 31, 43, 12, 11
2019/1/24, 148, 54, 29, 41, 12, 8
2019/1/25, 88, 56, 32, 36, 10, 9
2019/1/26, 110, 54, 29, 22, 6, 6
2019/1/27, 76, 46, 31, 35, 8, 8
2019/1/28, 91, 64, 35, 32, 7, 8
2019/1/29, 97, 76, 24, 42, 7, 9
2019/1/30, 105, 67, 30, 48, 11, 9
2019/1/31, 131, 59, 27, 34, 6, 8
2019/2/1, 121, 35, 29, 18, 5, 5
2019/2/2, 63, 45, 34, 26, 5, 6
2019/2/3, 88, 51, 15, 30, 4, 9
2019/2/4, 130, 61, 38, 10, 4, 5
2019/2/5, 79, 68, 26, 33, 6, 8
2019/2/6, 103, 57, 31, 38, 7, 10
2019/2/7, 99, 54, 35, 33, 8, 10
2019/2/8, 98, 32, 29, 25, 5, 6
2019/2/9, 65, 40, 33, 24, 6, 6
2019/2/10, 75, 41, 28, 26, 5, 6
2019/2/11, 79, 39, 33, 24, 6, 7
2019/2/12, 73, 52, 34, 38, 8, 9
2019/2/13, 114, 61, 37, 28, 6, 8
2019/2/14, 136, 48, 32, 27, 5, 7
2019/2/15, 103, 51, 35, 32, 6, 8
2019/2/16, 108, 51, 38, 15, 4, 8
2019/2/17, 110, 41, 34, 12, 6, 6
2019/2/18, 92, 38, 16, 32, 8, 7
2019/2/19, 72, 29, 7, 29, 5, 4
2019/2/20, 71, 51, 43, 24, 5, 9
2019/2/21, 114, 73, 34, 42, 7, 12
2019/2/22, 160, 69, 35, 49, 7, 11
2019/2/23, 147, 60, 44, 36, 7, 11
2019/2/24, 128, 47, 54, 37, 6, 10
2019/2/25, 105, 61, 72, 41, 8, 10
2019/2/26, 133, 57, 41, 39, 7, 9
2019/2/27, 121, 53, 42, 31, 5, 9
2019/2/28, 108, 62, 53, 36, 6, 9
2019/3/1, 148, 83, 62, 47, 8, 11
2019/3/2, 160, 77, 74, 39, 8, 11
2019/3/3, 156, 50, 52, 25, 7, 9
2019/3/4, 103, 43, 55, 29, 5, 7
2019/3/5, 79, 83, 68, 51, 8, 10
2019/3/6, 152, 85, 64, 44, 7, 10
2019/3/7, 168, 74, 57, 28, 4, 9
2019/3/8, 157, 60, 52, 44, 5, 8
2019/3/9, 131, 54, 57, 41, 6, 8
2019/3/10, 119, 32, 46, 22, 3, 7
2019/3/11, 77, 44, 40, 29, 4, 7
2019/3/12, 98, 49, 53, 20, 4, 7
2019/3/13, 97, 44, 37, 16, 5, 5
2019/3/14, 60, 47, 40, 32, 7, 6
2019/3/15, 84, 42, 46, 28, 5, 5
2019/3/16, 91, 35, 45, 20, 4, 5
2019/3/17, 76, 42, 46, 22, 4, 5
2019/3/18, 74, 54, 42, 37, 7, 8
2019/3/19, 101, 65, 65, 41, 7, 7
2019/3/20, 122, 79, 55, 54, 9, 9
2019/3/21, 147, 34, 77, 24, 6, 5
2019/3/22, 67, 48, 39, 14, 4, 5
2019/3/23, 103, 32, 41, 16, 5, 5
2019/3/24, 65, 38, 43, 16, 5, 5
2019/3/25, 69, 58, 53, 33, 6, 6
2019/3/26, 123, 91, 19, 50, 7, 6
2019/3/27, 168, , , , , 
2019/3/29, 98, 58, 54, 30, 6, 5
2019/3/30, 109, 44, 45, 14, 4, 4
2019/3/31, 90, 38, 42, 8, 5, 4
2019/4/1, 73, 34, 42, 18, 5, 4
2018/10/2, 43, 32, 41, 25, 4, 6
2018/10/3, 61, 44, 60, 28, 4, 6
2018/10/4, 89, 40, 39, 23, 4, 6
2018/10/5, 79, 19, 33, 25, 3, 5
2018/10/6, 53, 11, 66, 11, 3, 5
2018/10/7, 25, 32, 45, 17, 3, 6
2018/10/8, 66, 30, 36, 23, 5, 6
2018/10/9, 52, 40, 25, 28, 6, 6
2018/10/10, 73, 35, 34, 19, 5, 6
2018/10/11, 71, 29, 27, 21, 4, 5
2018/10/12, 59, 38, 30, 27, 4, 6
2018/10/13, 76, 37, 33, 25, 5, 7
2018/10/14, 80, 34, 41, 27, 4, 7
2018/10/15, 73, 51, 57, 37, 5, 7
2018/10/16, 108, 74, 28, 46, 7, 9
2018/10/17, 158, 69, 42, 35, 6, 8
2018/10/18, 141, 36, 32, 25, 5, 4
2018/10/19, 71, 23, 30, 21, 3, 3
2018/10/20, 48, 38, 30, 31, 5, 4
2018/10/21, 79, 43, 35, 36, 5, 5
2018/10/22, 94, 53, 26, 40, 7, 6
2018/10/23, 106, 52, 38, 34, 6, 5
2018/10/24, 108, 57, 39, 36, 5, 6
2018/10/25, 111, 61, 43, 42, 7, 6
2018/10/26, 125, 62, 17, 41, 6, 7
2018/10/27, 130, 31, 28, 15, 3, 3
2018/10/28, 52, 30, 38, 20, 4, 4
2018/10/29, 59, 35, 29, 28, 5, 5
2018/10/30, 63, 30, 25, 20, 4, 5
2018/10/31, 63, 42, 26, 28, 6, 6
2018/11/1, 89, 47, 27, 33, 6, 6
2018/11/2, 92, 58, 28, 43, 8, 7
2018/11/3, 120, 54, 28, 46, 8, 7
2018/11/4, 115, 52, 39, 44, 7, 7
2018/11/5, 116, 60, 47, 51, 8, 8
2018/11/6, 136, 65, 37, 46, 7, 8
2018/11/7, 130, 62, 20, 44, 6, 9
2018/11/8, 133, 39, 24, 30, 4, 9
2018/11/9, 87, 36, 27, 23, 5, 7
2018/11/10, 72, 58, 31, 40, 6, 8
2018/11/11, 125, 57, 33, 38, 5, 8
2018/11/12, 130, 55, 31, 30, 4, 7
2018/11/13, 122, 38, 28, 32, 4, 6
2018/11/14, 78, 36, 30, 31, 5, 6
2018/11/15, 74, 51, 24, 37, 7, 7
2018/11/16, 97, 63, 12, 49, 9, 9
2018/11/17, 132, 58, 24, 32, 7, 8
2018/11/18, 135, 39, 19, 27, 5, 7
2018/11/19, 81, 59, 28, 45, 8, 9
2018/11/20, 114, 62, 27, 45, 9, 9
2018/11/21, 115, 72, 15, 57, 10, 9
2018/11/22, 145, 38, 27, 25, 5, 5
2018/11/23, 65, 43, 26, 35, 7, 6
2018/11/24, 87, 57, 4, 44, 8, 8
2018/11/25, 123, 62, 14, 37, 7, 9
2018/11/26, 152, 70, 16, 52, 10, 13
2018/11/27, 149, 70, 29, 52, 10, 12
2018/11/28, 148, 106, 17, 44, 10, 10
2018/11/29, 143, 102, 8, 55, 12, 11
2018/11/30, 149, 106, 21, 50, 12, 11
2018/12/1, 144, 71, 19, 45, 10, 9
2018/12/2, 127, 64, 13, 46, 10, 13
2018/12/3, 132, 74, 3, 51, 10, 14
2018/12/4, 154, 54, 23, 29, 7, 12
2018/12/5, 100, 47, 22, 26, 5, 5
2018/12/6, 71, 40, 14, 30, 5, 5
2018/12/7, 72, 36, 25, 15, 5, 5
2018/12/8, 61, 26, 23, 16, 5, 5
2018/12/9, 57, 26, 25, 18, 5, 6
2018/12/10, 56, 48, 15, 41, 10, 10
2018/12/11, 96, 55, 3, 44, 10, 11
2018/12/12, 127, 51, 25, 33, 8, 7
2018/12/13, 97, 54, 25, 36, 8, 8
2018/12/14, 108, 36, 25, 28, 6, 6
2018/12/15, 70, 51, 16, 42, 10, 10
2018/12/16, 106, 56, 9, 41, 11, 11
2018/12/17, 134, 61, 25, 38, 10, 11
2018/12/18, 124, 53, 26, 36, 9, 10
2018/12/19, 97, 73, 21, 59, 17, 19
2018/12/20, 143, 94, 5, 67, 16, 19
2018/12/21, 166, 89, 8, 66, 15, 17
2018/12/22, 166, 77, 26, 57, 12, 16
2018/12/23, 152, 53, 33, 28, 7, 9
2018/12/24, 107, 38, 25, 19, 6, 6
2018/12/25, 64, , , , , 
2018/12/28, 46, 33, 22, 19, 6, 5
2018/12/29, 62, 37, 25, 18, 6, 5
2018/12/30, 60, 31, 26, 21, 6, 6
2018/12/31, 62, , , , , 
2018/7/2, 51, 27, 19, 21, 3, 4
2018/7/3, 61, 22, 11, 12, 3, 4
2018/7/4, 48, 22, 35, 18, 4, 4
2018/7/5, 45, 23, 20, 15, 3, 5
2018/7/6, 51, 13, 18, 12, 2, 3
2018/7/7, 28, 17, 27, 9, 2, 2
2018/7/8, 33, 18, 27, 6, 2, 2
2018/7/9, 35, 17, 20, 14, 2, 4
2018/7/10, 46, 37, 47, 18, 4, 5
2018/7/11, 81, 38, 38, 20, 4, 5
2018/7/12, 77, 42, 46, 22, 7, 5
2018/7/13, 77, 36, 49, 21, 4, 5
2018/7/14, 76, 33, 47, 19, 4, 4
2018/7/15, 73, 27, 47, 16, 4, 4
2018/7/16, 64, 47, 76, 22, 7, 6
2018/7/17, 106, 52, 63, 23, 7, 4
2018/7/18, 123, 47, 70, 24, 9, 4
2018/7/19, 104, 58, 105, 30, 10, 6
2018/7/20, 134, 59, 98, 32, 7, 5
2018/7/21, 136, 49, 82, 26, 4, 5
2018/7/22, 119, 28, 39, 13, 4, 3
2018/7/23, 64, 35, 87, 18, 7, 5
2018/7/24, 68, 41, 85, 20, 8, 5
2018/7/25, 82, 38, 67, 19, 6, 5
2018/7/26, 77, 42, 98, 21, 5, 5
2018/7/27, 93, 49, 99, 22, 8, 6
2018/7/28, 114, 39, 39, 10, 11, 6
2018/7/29, 80, 27, 31, 9, 2, 3
2018/7/30, 51, 25, 37, 8, 4, 4
2018/7/31, 40, 26, 44, 13, 5, 4
2018/8/1, 54, 28, 55, 18, 12, 6
2018/8/2, 62, 24, 46, 17, 7, 6
2018/8/3, 58, 29, 57, 15, 5, 4
2018/8/4, 62, 30, 54, 13, 4, 6
2018/8/5, 67, 29, 44, 10, 4, 5
2018/8/6, 67, 36, 54, 18, 5, 6
2018/8/7, 76, 30, 40, 12, 5, 5
2018/8/8, 61, 34, 75, 17, 10, 7
2018/8/9, 68, 30, 80, 15, 14, 5
2018/8/10, 59, 20, 24, 13, 3, 5
2018/8/11, 48, 21, 22, 12, 4, 4
2018/8/12, 44, 24, 33, 11, 3, 5
2018/8/13, 53, 34, 48, 17, 6, 6
2018/8/14, 67, 37, 66, 21, 8, 4
2018/8/15, 69, 26, 34, 16, 5, 3
2018/8/16, 51, 20, 30, 11, 3, 3
2018/8/17, 39, 27, 30, 9, 3, 3
2018/8/18, 46, 27, 38, 16, 4, 4
2018/8/19, 55, 29, 63, 12, 5, 4
2018/8/20, 56, 39, 88, 18, 6, 5
2018/8/21, 78, 40, 51, 23, 4, 4
2018/8/22, 83, 31, 29, 16, 5, 3
2018/8/23, 60, 23, 16, 9, 4, 4
2018/8/24, 39, 19, 25, 10, 3, 3
2018/8/25, 40, 29, 50, 22, 3, 5
2018/8/26, 63, 19, 36, 19, 2, 4
2018/8/27, 48, 21, 14, 23, 3, 6
2018/8/28, 53, 36, 31, 22, 4, 7
2018/8/29, 76, 38, 27, 15, 5, 6
2018/8/30, 82, 20, 17, 12, 4, 4
2018/8/31, 48, 28, 20, 23, 3, 5
2018/9/1, 54, 26, 33, 12, 2, 4
2018/9/2, 50, 35, 29, 8, 3, 5
2018/9/3, 48, 28, 17, 16, 3, 7
2018/9/4, 64, 27, 59, 20, 3, 5
2018/9/5, 55, 36, 43, 25, 4, 5
2018/9/6, 62, 47, 37, 33, 7, 6
2018/9/7, 84, 40, 47, 28, 5, 6
2018/9/8, 84, 37, 29, 26, 4, 5
2018/9/9, 70, 31, 39, 15, 3, 4
2018/9/10, 63, 33, 32, 16, 3, 4
2018/9/11, 53, 31, 32, 18, 3, 3
2018/9/12, 53, 30, 31, 19, 3, 4
2018/9/13, 57, 32, 26, 21, 3, 5
2018/9/14, 58, 24, 29, 19, 2, 5
2018/9/15, 55, 28, 32, 20, 3, 5
2018/9/16, 57, 34, 37, 18, 4, 5
2018/9/17, 69, 47, 53, 30, 5, 6
2018/9/18, 96, 52, 76, 33, 4, 5
2018/9/19, 93, 60, 57, 35, 6, 7
2018/9/20, 121, 24, 39, 15, 3, 5
2018/9/21, 59, 21, 26, 24, 3, 5
2018/9/22, 47, 35, 42, 24, 3, 5
2018/9/23, 67, 41, 49, 24, 5, 6
2018/9/24, 73, 30, 41, 19, 4, 6
2018/9/25, 55, 24, 37, 16, 4, 5
2018/9/26, 52, 20, 32, 15, 3, 4
2018/9/27, 42, 29, 33, 19, 3, 5
2018/9/28, 45, 36, 27, 24, 4, 5
2018/9/29, 63, 28, 23, 24, 3, 5
2018/9/30, 60, 24, 46, 11, 3, 4
2018/10/1, 46, 24, 33, 16, 4, 4
2018/4/2, 116, 67, 46, 27, 8, 6
2018/4/3, 117, 55, 52, 25, 6, 5
2018/4/4, 100, 37, 34, 19, 4, 4
2018/4/5, 75, 27, 34, 21, 4, 4
2018/4/6, 59, 53, 38, 23, 3, 5
2018/4/7, 79, 56, 39, 15, 3, 5
2018/4/8, 80, 37, 48, 11, 4, 4
2018/4/9, 65, 60, 51, 30, 4, 5
2018/4/10, 86, 54, 49, 30, 6, 5
2018/4/11, 97, 46, 45, 14, 3, 4
2018/4/12, 73, 44, 44, 31, 5, 5
2018/4/13, 72, 49, 40, 24, 4, 5
2018/4/14, 70, 35, 39, 22, 3, 5
2018/4/15, 68, 120, 37, 11, 3, 4
2018/4/16, 103, 59, 40, 20, 4, 5
2018/4/17, 75, 64, 53, 28, 6, 5
2018/4/18, 90, 83, 58, 39, 7, 6
2018/4/19, 117, 64, 51, 34, 7, 5
2018/4/20, 96, 79, 101, 50, 8, 6
2018/4/21, 135, 81, 71, 42, 12, 6
2018/4/22, 125, 60, 40, 20, 7, 5
2018/4/23, 104, 26, 41, 14, 2, 4
2018/4/24, 53, 17, 36, 22, 3, 4
2018/4/25, 43, 46, 46, 29, 4, 5
2018/4/26, 86, 60, 57, 41, 6, 6
2018/4/27, 125, 57, 72, 31, 7, 6
2018/4/28, 104, 57, 66, 30, 7, 6
2018/4/29, 99, 56, 70, 22, 6, 5
2018/4/30, 108, 68, 72, 24, 9, 7
2018/5/1, 143, 57, 48, 25, 7, 7
2018/5/2, 133, 47, 40, 22, 4, 7
2018/5/3, 108, 67, 44, 16, 4, 4
2018/5/4, 59, 47, 50, 26, 5, 4
2018/5/5, 70, 43, 68, 28, 6, 5
2018/5/6, 69, 36, 52, 20, 3, 4
2018/5/7, 71, 24, 45, 16, 2, 5
2018/5/8, 55, 28, 46, 15, 2, 4
2018/5/9, 53, 30, 40, 14, 2, 2
2018/5/10, 51, 48, 61, 25, 4, 4
2018/5/11, 91, 52, 73, 30, 7, 6
2018/5/12, 106, 46, 42, 28, 8, 5
2018/5/13, 87, 30, 54, 16, 3, 5
2018/5/14, 67, 56, 84, 34, 5, 7
2018/5/15, 122, 74, 103, 39, 8, 8
2018/5/16, 149, 30, 20, 15, 4, 5
2018/5/17, 72, 28, 29, 12, 3, 4
2018/5/18, 56, 30, 29, 14, 2, 5
2018/5/19, 64, 28, 46, 10, 2, 2
2018/5/20, 42, 26, 44, 11, 2, 3
2018/5/21, 43, 28, 42, 14, 2, 4
2018/5/22, 55, 40, 60, 18, 3, 6
2018/5/23, 86, 47, 61, 22, 3, 4
2018/5/24, 68, 71, 67, 33, 5, 5
2018/5/25, 106, 74, 104, 42, 6, 6
2018/5/26, 119, 63, 108, 35, 8, 6
2018/5/27, 115, 65, 78, 21, 8, 7
2018/5/28, 126, 52, 76, 26, 6, 6
2018/5/29, 102, 51, 69, 24, 5, 6
2018/5/30, 106, 56, 47, 29, 4, 6
2018/5/31, 114, 47, 56, 21, 4, 5
2018/6/1, 88, 55, 75, 30, 5, 5
2018/6/2, 107, 51, 90, 30, 6, 5
2018/6/3, 99, 41, 92, 23, 5, 5
2018/6/4, 85, 53, 100, 28, 9, 6
2018/6/5, 112, 56, 51, 28, 6, 4
2018/6/6, 122, 60, 97, 29, 5, 5
2018/6/7, 137, 62, 105, 27, 5, 5
2018/6/8, 136, 55, 75, 23, 7, 5
2018/6/9, 116, 45, 51, 9, 4, 3
2018/6/10, 68, 22, 36, 6, 2, 2
2018/6/11, 41, 22, 28, 13, 2, 2
2018/6/12, 45, 33, 38, 17, 4, 4
2018/6/13, 69, 52, 49, 14, 5, 4
2018/6/14, 99, 29, 36, 11, 5, 4
2018/6/15, 58, 26, 33, 9, 2, 2
2018/6/16, 48, 24, 33, 12, 3, 3
2018/6/17, 50, 31, 56, 15, 5, 4
2018/6/18, 66, 46, 76, 27, 4, 4
2018/6/19, 92, 49, 47, 31, 6, 5
2018/6/20, 112, 38, 49, 26, 3, 4
2018/6/21, 85, 45, 59, 31, 4, 4
2018/6/22, 91, 47, 90, 34, 5, 5
2018/6/23, 93, 52, 78, 30, 6, 5
2018/6/24, 106, 53, 97, 21, 5, 5
2018/6/25, 105, 59, 108, 36, 5, 6
2018/6/26, 120, 50, 57, 29, 4, 6
2018/6/27, 110, 31, 47, 16, 3, 5
2018/6/28, 72, 28, 37, 24, 3, 5
2018/6/29, 67, 39, 51, 23, 3, 5
2018/6/30, 85, 26, 33, 21, 2, 4
2018/7/1, 56, 22, 29, 11, 3, 3
2018/1/2, 84, 70, 27, 36, 10, 11
2018/1/3, 136, 38, 25, 27, 8, 6
2018/1/4, 77, 43, 22, 28, 7, 6
2018/1/5, 93, 53, 24, 33, 8, 6
2018/1/6, 117, 44, 29, 28, 8, 6
2018/1/7, 97, 62, 7, 48, 13, 12
2018/1/8, 145, 60, 10, 43, 10, 11
2018/1/9, 145, 43, 31, 19, 6, 6
2018/1/10, 86, 39, 29, 20, 6, 5
2018/1/11, 80, 35, 22, 19, 6, 5
2018/1/12, 78, 32, 26, 25, 6, 5
2018/1/13, 73, 61, 21, 44, 11, 10
2018/1/14, 137, 67, 24, 51, 13, 15
2018/1/15, 155, 67, 28, 62, 16, 18
2018/1/16, 143, 82, 17, 70, 16, 18
2018/1/17, 165, 45, 29, 40, 5, 8
2018/1/18, 108, 86, 36, 37, 11, 11
2018/1/19, 163, 70, 23, 41, 9, 9
2018/1/20, 133, 85, 37, 47, 13, 12
2018/1/21, 158, 84, 28, 46, 10, 14
2018/1/22, 164, 70, 36, 43, 10, 10
2018/1/23, 147, 46, 32, 16, 5, 5
2018/1/24, 80, 40, 28, 18, 5, 4
2018/1/25, 66, 35, 25, 21, 6, 5
2018/1/26, 69, 35, 26, 20, 5, 5
2018/1/27, 65, 48, 20, 35, 10, 8
2018/1/28, 105, 40, 33, 26, 7, 7
2018/1/29, 93, 48, 31, 21, 7, 6
2018/1/30, 83, 52, 28, 32, 8, 7
2018/1/31, 81, 62, 27, 42, 11, 10
2018/2/1, 119, 56, 29, 39, 10, 9
2018/2/2, 109, 59, 18, 43, 10, 9
2018/2/3, 116, 53, 29, 24, 8, 7
2018/2/4, 97, 31, 29, 12, 5, 5
2018/2/5, 68, 38, 29, 22, 6, 6
2018/2/6, 68, 38, 27, 22, 6, 5
2018/2/7, 80, 37, 26, 28, 7, 5
2018/2/8, 78, 69, 22, 54, 15, 13
2018/2/9, 145, 81, 5, 65, 18, 18
2018/2/10, 168, 81, 34, 19, 6, 6
2018/2/11, 127, 50, 34, 13, 5, 4
2018/2/12, 67, 45, 32, 19, 6, 4
2018/2/13, 71, 51, 33, 29, 9, 5
2018/2/14, 72, 69, 53, 45, 15, 13
2018/2/15, 131, 52, 36, 27, 10, 6
2018/2/16, 101, 41, 37, 29, 10, 7
2018/2/17, 88, 37, 38, 13, 7, 4
2018/2/18, 66, 45, 34, 26, 11, 7
2018/2/19, 85, 62, 33, 41, 13, 9
2018/2/20, 132, 69, 36, 39, 14, 9
2018/2/21, 146, 42, 31, 26, 8, 5
2018/2/22, 77, 58, 35, 41, 11, 8
2018/2/23, 113, 72, 34, 47, 11, 10
2018/2/24, 153, 76, 37, 38, 9, 9
2018/2/25, 152, 59, 35, 29, 6, 7
2018/2/26, 123, 56, 33, 42, 9, 9
2018/2/27, 119, 71, 34, 51, 11, 9
2018/2/28, 143, 58, 35, 38, 6, 8
2018/3/1, 120, 33, 39, 15, 4, 5
2018/3/2, 61, 48, 34, 31, 7, 7
2018/3/3, 93, 62, 32, 47, 12, 11
2018/3/4, 134, 54, 32, 39, 11, 10
2018/3/5, 117, 19, 35, 15, 4, 4
2018/3/6, 42, 37, 34, 19, 4, 4
2018/3/7, 66, 39, 32, 23, 4, 5
2018/3/8, 70, 29, 24, 34, 5, 7
2018/3/9, 75, 50, 29, 31, 4, 7
2018/3/10, 113, 51, 41, 28, 6, 6
2018/3/11, 111, 63, 46, 27, 5, 6
2018/3/12, 125, 66, 47, 42, 8, 9
2018/3/13, 133, 67, 46, 38, 9, 8
2018/3/14, 126, 48, 42, 32, 7, 7
2018/3/15, 99, 42, 26, 37, 6, 7
2018/3/16, 92, 29, 35, 13, 3, 4
2018/3/17, 53, 40, 34, 31, 5, 5
2018/3/18, 79, 49, 30, 31, 6, 6
2018/3/19, 102, 28, 34, 25, 3, 6
2018/3/20, 65, 28, 37, 9, 3, 3
2018/3/21, 49, 18, 35, 22, 3, 4
2018/3/22, 48, 31, 36, 28, 4, 5
2018/3/23, 71, 59, 49, 41, 7, 8
2018/3/24, 128, 74, 68, 36, 7, 8
2018/3/25, 154, 66, 51, 28, 6, 6
2018/3/26, 125, 57, 71, 39, 6, 6
2018/3/27, 113, 72, 71, 44, 7, 7
2018/3/28, 137, 63, 54, 47, 8, 6
2018/3/29, 120, 59, 48, 31, 6, 6
2018/3/30, 115, 41, 44, 16, 5, 4
2018/3/31, 65, 55, 57, 35, 7, 6
2018/4/1, 102, 75, 54, 28, 10, 7
2017/10/2, 121, 28, 25, 28, 3, 5
2017/10/3, 72, 30, 32, 15, 3, 4
2017/10/4, 62, 28, 32, 10, 2, 3
2017/10/5, 56, 28, 30, 16, 4, 4
2017/10/6, 58, 25, 12, 24, 3, 5
2017/10/7, 61, 29, 30, 20, 2, 4
2017/10/8, 64, 28, 37, 22, 3, 6
2017/10/9, 67, 40, 49, 32, 4, 7
2017/10/10, 91, 42, 38, 29, 4, 7
2017/10/11, 94, 39, 23, 25, 4, 8
2017/10/12, 87, 40, 18, 27, 3, 4
2017/10/13, 85, 39, 28, 32, 3, 4
2017/10/14, 86, 42, 34, 32, 4, 4
2017/10/15, 87, 35, 32, 21, 3, 4
2017/10/16, 68, 36, 28, 31, 4, 4
2017/10/17, 66, 46, 34, 28, 4, 5
2017/10/18, 92, 40, 33, 20, 3, 3
2017/10/19, 68, 35, 26, 27, 4, 5
2017/10/20, 68, 36, 31, 27, 4, 9
2017/10/21, 76, 38, 32, 27, 4, 4
2017/10/22, 79, 34, 37, 14, 3, 4
2017/10/23, 60, 37, 36, 19, 3, 3
2017/10/24, 62, 50, 30, 32, 5, 5
2017/10/25, 90, 59, 36, 36, 4, 6
2017/10/26, 119, 65, 32, 50, 6, 7
2017/10/27, 137, 59, 40, 40, 7, 6
2017/10/28, 126, 43, 31, 31, 5, 5
2017/10/29, 91, 53, 46, 21, 4, 5
2017/10/30, 95, 55, 28, 28, 5, 4
2017/10/31, 75, 54, 27, 40, 7, 6
2017/11/1, 109, 57, 37, 40, 8, 7
2017/11/2, 119, 69, 36, 48, 8, 8
2017/11/3, 146, 70, 38, 38, 7, 8
2017/11/4, 150, 48, 34, 27, 4, 5
2017/11/5, 99, 54, 33, 33, 7, 7
2017/11/6, 120, 60, 28, 45, 7, 8
2017/11/7, 128, 65, 31, 49, 9, 9
2017/11/8, 136, 74, 47, 38, 8, 10
2017/11/9, 141, 59, 29, 47, 8, 7
2017/11/10, 108, 63, 44, 37, 8, 8
2017/11/11, 117, 65, 29, 23, 5, 5
2017/11/12, 73, 54, 27, 37, 8, 7
2017/11/13, 91, 58, 24, 46, 9, 8
2017/11/14, 110, 65, 31, 40, 9, 8
2017/11/15, 118, 48, 28, 31, 7, 6
2017/11/16, 85, 42, 30, 34, 7, 6
2017/11/17, 83, 62, 13, 55, 14, 10
2017/11/18, 132, 52, 46, 28, 7, 7
2017/11/19, 106, 29, 105, 17, 5, 5
2017/11/20, 58, 42, 29, 33, 8, 7
2017/11/21, 82, 66, 21, 54, 13, 12
2017/11/22, 144, 67, 2, 48, 11, 12
2017/11/23, 151, 48, 4, 42, 7, 8
2017/11/24, 97, 41, 20, 31, 7, 6
2017/11/25, 87, 52, 31, 40, 9, 9
2017/11/26, 111, 66, 33, 45, 10, 15
2017/11/27, 140, 75, 10, 55, 12, 14
2017/11/28, 157, 86, 11, 63, 12, 15
2017/11/29, 166, 72, 29, 40, 9, 10
2017/11/30, 141, 40, 27, 25, 5, 4
2017/12/1, 67, 37, 28, 31, 6, 5
2017/12/2, 73, 56, 21, 46, 10, 10
2017/12/3, 115, 61, 19, 48, 9, 12
2017/12/4, 138, 62, 28, 35, 8, 9
2017/12/5, 118, 35, 25, 23, 7, 4
2017/12/6, 63, 53, 19, 44, 9, 9
2017/12/7, 111, 69, 22, 50, 10, 13
2017/12/8, 140, 41, 24, 23, 6, 5
2017/12/9, 78, 47, 18, 35, 8, 7
2017/12/10, 91, 53, 33, 33, 8, 9
2017/12/11, 117, 44, 26, 16, 6, 4
2017/12/12, 62, 32, 23, 19, 7, 5
2017/12/13, 66, 36, 24, 30, 7, 6
2017/12/14, 72, 60, 9, 51, 13, 11
2017/12/15, 131, 62, 19, 48, 12, 12
2017/12/16, 129, 51, 26, 26, 8, 8
2017/12/17, 109, 36, 29, 18, 6, 6
2017/12/18, 67, 53, 27, 39, 11, 10
2017/12/19, 102, 54, 24, 33, 8, 9
2017/12/20, 99, 53, 21, 41, 10, 9
2017/12/21, 103, 57, 23, 42, 10, 10
2017/12/22, 118, 68, 19, 50, 14, 12
2017/12/23, 138, 82, 16, 66, 16, 16
2017/12/24, 165, 71, 21, 48, 10, 14
2017/12/25, 153, 39, 29, 16, 6, 6
2017/12/26, 78, 44, 28, 28, 7, 7
2017/12/27, 88, 30, 26, 23, 6, 6
2017/12/28, 59, 52, 22, 38, 9, 9
2017/12/29, 113, 82, 33, 44, 10, 11
2017/12/30, 161, 100, 16, 55, 11, 14
2017/12/31, 177, 74, 29, 22, 6, 8
2018/1/1, 115, 48, 28, 25, 7, 9
2017/7/2, 75, 38, 25, 12, 6, 5
2017/7/3, 65, 32, 31, 12, 5, 5
2017/7/4, 57, 39, 30, 20, 6, 5
2017/7/5, 59, 44, 89, 24, 8, 6
2017/7/6, 89, 52, 62, 23, 7, 6
2017/7/7, 116, 36, 24, 20, 6, 5
2017/7/8, 72, 34, 29, 22, 4, 6
2017/7/9, 67, 38, 55, 13, 5, 7
2017/7/10, 78, , , , , 
2017/7/31, 72, 43, 27, 26, 3, 6
2017/8/1, 86, 28, 48, 17, 2, 4
2017/8/2, 49, 24, 29, 10, 6, 7
2017/8/3, 42, , , , , 
2017/8/8, 67, 28, 61, 13, 2, 2
2017/8/9, 58, 29, 47, 14, 2, 4
2017/8/10, 65, 11, 35, 12, , 3
2017/8/11, 24, , , , , 
2017/8/28, 64, 39, 92, 17, 5, 5
2017/8/29, 71, 29, 66, 15, 3, 3
2017/8/30, 59, 32, 42, 15, 4, 3
2017/8/31, 62, , , , , 
2017/9/24, 105, 60, 32, 34, 5, 6
2017/9/25, 141, , , , , 
2017/9/27, 101, 39, 31, 29, 4, 5
2017/9/28, 85, 38, 37, 34, 3, 5
2017/9/29, 76, 36, 36, 31, 4, 4
2017/9/30, 67, 49, 48, 48, 6, 5
2017/10/1, 98, 55, 25, 46, 5, 6
2017/4/2, 85, 41, 51, 29, 4, 6
2017/4/3, 86, 58, 61, 48, 8, 7
2017/4/4, 115, 74, 86, 51, 12, 8
2017/4/5, 152, 54, 54, 41, 10, 8
2017/4/6, 114, 34, 42, 27, 7, 6
2017/4/7, 74, 44, 57, 30, 7, 8
2017/4/8, 101, 51, 80, 39, 10, 13
2017/4/9, 105, 53, 59, 17, 5, 6
2017/4/10, 105, 42, 46, 15, 5, 4
2017/4/11, 62, 32, 49, 25, 6, 5
2017/4/12, 70, 68, 44, 21, 7, 5
2017/4/13, 74, 67, 61, 36, 9, 6
2017/4/14, 115, 59, 58, 31, 7, 6
2017/4/15, 105, 48, 59, 30, 9, 5
2017/4/16, 80, 52, 54, 33, 6, 5
2017/4/17, 92, 48, 30, 48, 7, 10
2017/4/18, 96, 55, 52, 29, 7, 7
2017/4/19, 109, 88, 44, 24, 8, 3
2017/4/20, 74, 61, 39, 39, 7, 4
2017/4/21, 83, 61, 50, 32, 7, 5
2017/4/22, 100, 60, 45, 21, 6, 5
2017/4/23, 76, 49, 61, 25, 6, 5
2017/4/24, 89, 57, 55, 32, 9, 5
2017/4/25, 81, 50, 51, 24, 6, 4
2017/4/26, 78, 50, 54, 29, 6, 4
2017/4/27, 90, 49, 43, 29, 7, 3
2017/4/28, 67, 58, 51, 34, 7, 4
2017/4/29, 75, 65, 64, 39, 8, 5
2017/4/30, 101, 78, 100, 29, 10, 6
2017/5/1, 113, 65, 65, 20, 8, 5
2017/5/2, 91, 43, 45, 24, 7, 5
2017/5/3, 65, 49, 78, 35, 12, 6
2017/5/4, 85, 60, 71, 36, 8, 5
2017/5/5, 103, 49, 44, 24, 9, 6
2017/5/6, 102, 106, 46, 18, 5, 4
2017/5/7, 106, 94, 57, 19, 5, 4
2017/5/8, 96, 72, 65, 41, 7, 5
2017/5/9, 102, 68, 37, 32, 5, 5
2017/5/10, 108, 43, 38, 27, 5, 6
2017/5/11, 87, 59, 63, 41, 7, 6
2017/5/12, 117, 65, 33, 49, 7, 7
2017/5/13, 133, 56, 66, 26, 7, 5
2017/5/14, 100, 58, 48, 14, 4, 3
2017/5/15, 67, 50, 50, 25, 5, 4
2017/5/16, 62, 41, 44, 28, 6, 3
2017/5/17, 65, 54, 54, 30, 9, 5
2017/5/18, 94, 64, 83, 40, 8, 5
2017/5/19, 120, 58, 70, 47, 8, 5
2017/5/20, 103, 54, 87, 35, 8, 5
2017/5/21, 87, 53, 82, 32, 8, 8
2017/5/22, 91, 56, 83, 32, 10, 16
2017/5/23, 98, 58, 62, 30, 11, 5
2017/5/24, 109, 56, 43, 28, 8, 6
2017/5/25, 119, 54, 65, 27, 7, 4
2017/5/26, 106, 59, 48, 19, 5, 3
2017/5/27, 52, 43, 61, 27, 7, 4
2017/5/28, 67, 57, 98, 24, 9, 6
2017/5/29, 89, 54, 105, 42, 8, 5
2017/5/30, 92, 67, 90, 51, 6, 6
2017/5/31, 123, 68, 96, 44, 9, 6
2017/6/1, 138, 58, 61, 23, 6, 5
2017/6/2, 112, 47, 56, 24, 5, 5
2017/6/3, 72, 36, 55, 22, 5, 5
2017/6/4, 60, 33, 51, 17, 7, 6
2017/6/5, 55, 40, 55, 26, 6, 5
2017/6/6, 68, 33, 37, 19, 6, 5
2017/6/7, 65, 34, 40, 25, 5, 4
2017/6/8, 74, 35, 65, 23, 4, 5
2017/6/9, 68, 55, 64, 42, 5, 6
2017/6/10, 106, 56, 83, 25, 6, 9
2017/6/11, 106, 44, 64, 13, 10, 5
2017/6/12, 58, 32, 40, 13, 5, 4
2017/6/13, 52, 36, 59, 22, 6, 4
2017/6/14, 69, 46, 64, 29, 5, 4
2017/6/15, 86, 54, 92, 34, 6, 4
2017/6/16, 87, 48, 65, 17, 7, 6
2017/6/17, 79, 40, 97, 24, 6, 5
2017/6/18, 67, 51, 104, 25, 11, 7
2017/6/19, 87, 59, 115, 37, 8, 7
2017/6/20, 113, 58, 61, 30, 11, 6
2017/6/21, 115, 53, 83, 26, 6, 5
2017/6/22, 108, 45, 85, 32, 6, 5
2017/6/23, 90, 55, 102, 35, 8, 6
2017/6/24, 109, 52, 83, 32, 11, 6
2017/6/25, 110, 46, 54, 18, 9, 7
2017/6/26, 96, 48, 41, 21, 7, 6
2017/6/27, 101, 49, 60, 26, 7, 5
2017/6/28, 108, 52, 84, 30, 7, 5
2017/6/29, 100, 59, 63, 34, 8, 7
2017/6/30, 137, 49, 67, 22, 7, 6
2017/7/1, 105, 40, 36, 19, 6, 5
2017/1/3, 145, 79, 32, 52, 15, 12
2017/1/4, 157, 90, 28, 65, 18, 16
2017/1/5, 167, 67, 27, 46, 10, 12
2017/1/6, 131, 36, 29, 33, 6, 7
2017/1/7, 64, 64, 12, 52, 16, 12
2017/1/8, 138, 54, 22, 40, 11, 10
2017/1/9, 114, 53, 34, 30, 8, 7
2017/1/10, 113, 47, 28, 27, 9, 5
2017/1/11, 98, 35, 27, 25, 9, 4
2017/1/12, 69, 57, 30, 34, 11, 8
2017/1/13, 121, 38, 28, 27, 9, 4
2017/1/14, 73, 47, 26, 18, 8, 4
2017/1/15, 65, 38, 26, 23, 8, 4
2017/1/16, 61, 45, 23, 39, 12, 7
2017/1/17, 89, 67, 10, 57, 21, 12
2017/1/18, 138, 79, 28, 48, 18, 11
2017/1/19, 162, 103, 16, 64, 19, 15
2017/1/20, 183, 71, 26, 37, 10, 11
2017/1/21, 142, 48, 27, 39, 11, 9
2017/1/22, 101, 51, 30, 18, 6, 10
2017/1/23, 81, 47, 30, 26, 9, 6
2017/1/24, 99, 42, 29, 38, 11, 6
2017/1/25, 90, 53, 27, 45, 12, 8
2017/1/26, 117, 63, 23, 56, 16, 11
2017/1/27, 137, 53, 38, 34, 12, 7
2017/1/28, 85, 45, 26, 37, 12, 7
2017/1/29, 66, 55, 5, 50, 17, 12
2017/1/30, 107, 41, 34, 18, 10, 5
2017/1/31, 89, 42, 25, 33, 12, 6
2017/2/1, 89, 41, 30, 34, 10, 6
2017/2/2, 86, 35, 29, 31, 10, 6
2017/2/3, 67, 54, 31, 42, 13, 8
2017/2/4, 101, 75, 34, 58, 19, 12
2017/2/5, 145, 45, 30, 32, 11, 9
2017/2/6, 102, 49, 37, 22, 8, 6
2017/2/7, 105, 59, 23, 45, 14, 8
2017/2/8, 128, 63, 25, 49, 11, 9
2017/2/9, 135, 45, 31, 19, 9, 5
2017/2/10, 74, 40, 30, 19, 8, 5
2017/2/11, 69, 35, 30, 20, 7, 5
2017/2/12, 72, 35, 34, 27, 8, 6
2017/2/13, 72, 53, 38, 40, 12, 9
2017/2/14, 107, 59, 36, 41, 9, 8
2017/2/15, 132, 70, 31, 59, 16, 12
2017/2/16, 146, 71, 36, 53, 17, 11
2017/2/17, 134, 44, 39, 27, 10, 5
2017/2/18, 88, 37, 34, 23, 8, 12
2017/2/19, 65, 52, 46, 30, 11, 8
2017/2/20, 103, 50, 38, 28, 8, 7
2017/2/21, 89, 54, 32, 40, 11, 6
2017/2/22, 107, 54, 19, 44, 8, 8
2017/2/23, 116, 37, 31, 24, 7, 4
2017/2/24, 77, 39, 35, 28, 8, 5
2017/2/25, 79, 51, 37, 42, 10, 8
2017/2/26, 115, 54, 41, 32, 9, 7
2017/2/27, 122, 45, 35, 35, 8, 7
2017/2/28, 92, 58, 41, 45, 12, 8
2017/3/1, 126, 68, 44, 49, 15, 10
2017/3/2, 138, 48, 38, 26, 7, 6
2017/3/3, 105, 50, 37, 41, 12, 7
2017/3/4, 93, 63, 44, 48, 12, 9
2017/3/5, 128, 57, 42, 46, 9, 9
2017/3/6, 126, 48, 47, 24, 9, 5
2017/3/7, 96, 39, 36, 24, 7, 5
2017/3/8, 76, 41, 37, 25, 8, 5
2017/3/9, 74, 57, 45, 30, 10, 6
2017/3/10, 87, 51, 42, 37, 10, 6
2017/3/11, 92, 61, 47, 50, 13, 9
2017/3/12, 124, 62, 60, 42, 12, 8
2017/3/13, 132, 66, 63, 34, 10, 6
2017/3/14, 136, 44, 43, 26, 7, 5
2017/3/15, 85, 39, 43, 27, 6, 6
2017/3/16, 89, 53, 51, 35, 9, 7
2017/3/17, 105, 62, 52, 54, 10, 7
2017/3/18, 132, 73, 61, 58, 13, 8
2017/3/19, 146, 61, 68, 38, 10, 8
2017/3/20, 133, 69, 45, 43, 8, 10
2017/3/21, 149, 52, 46, 29, 8, 6
2017/3/22, 114, 54, 41, 39, 8, 7
2017/3/23, 108, 61, 55, 40, 10, 7
2017/3/24, 125, 48, 44, 26, 7, 5
2017/3/25, 90, 33, 33, 26, 6, 5
2017/3/26, 79, 37, 40, 24, 5, 6
2017/3/27, 86, 58, 43, 37, 7, 8
2017/3/28, 131, 65, 49, 44, 9, 8
2017/3/29, 139, 51, 46, 34, 9, 6
2017/3/30, 110, 66, 55, 37, 7, 7
2017/3/31, 140, 48, 47, 20, 5, 5
2017/4/1, 89, 37, 38, 30, 4, 6
2016/10/2, 85, 49, 31, 29, 6, 8
2016/10/3, 111, 41, 14, 24, 6, 7
2016/10/4, 86, 44, 41, 24, 4, 5
2016/10/5, 79, 26, 35, 22, 5, 5
2016/10/6, 53, 34, 32, 29, 6, 6
2016/10/7, 85, 23, 20, 21, 4, 4
2016/10/8, 67, 24, 20, 21, 3, 5
2016/10/9, 68, 19, 24, 14, 4, 4
2016/10/10, 62, 24, 15, 24, 4, 4
2016/10/11, 64, 31, 14, 26, 5, 7
2016/10/12, 77, 61, 49, 40, 7, 8
2016/10/13, 107, 58, 33, 43, 9, 7
2016/10/14, 96, 69, 43, 53, 9, 9
2016/10/15, 119, 69, 48, 40, 7, 10
2016/10/16, 136, 51, 26, 31, 5, 8
2016/10/17, 110, 37, 28, 31, 5, 6
2016/10/18, 76, 64, 38, 37, 7, 9
2016/10/19, 115, 65, 33, 41, 9, 9
2016/10/20, 112, 71, 43, 36, 7, 8
2016/10/21, 126, 46, 34, 21, 5, 3
2016/10/22, 67, 36, 28, 28, 6, 4
2016/10/23, 61, 28, 29, 15, 3, 4
2016/10/24, 50, 30, 30, 23, 5, 3
2016/10/25, 48, 37, 20, 33, 10, 5
2016/10/26, 62, 46, 29, 33, 6, 6
2016/10/27, 83, 50, 28, 26, 5, 5
2016/10/28, 76, 31, 27, 26, 5, 5
2016/10/29, 53, 54, 25, 30, 6, 6
2016/10/30, 109, 44, 27, 24, 6, 4
2016/10/31, 81, 59, 6, 39, 9, 7
2016/11/1, 112, 43, 28, 24, 5, 4
2016/11/2, 72, 43, 30, 33, 9, 6
2016/11/3, 74, 69, 21, 46, 10, 10
2016/11/4, 141, 75, 25, 49, 10, 10
2016/11/5, 147, 72, 28, 50, 11, 12
2016/11/6, 141, 46, 27, 23, 5, 6
2016/11/7, 93, 53, 27, 36, 7, 8
2016/11/8, 103, 49, 30, 26, 5, 5
2016/11/9, 103, 59, 26, 34, 7, 6
2016/11/10, 129, 55, 23, 37, 8, 7
2016/11/11, 106, 56, 27, 32, 8, 7
2016/11/12, 102, 73, 21, 50, 13, 12
2016/11/13, 137, 68, 19, 52, 9, 14
2016/11/14, 147, 71, 9, 49, 13, 14
2016/11/15, 142, 57, 30, 30, 9, 7
2016/11/16, 94, 61, 22, 44, 10, 8
2016/11/17, 94, 78, 31, 48, 10, 9
2016/11/18, 143, 90, 10, 63, 14, 11
2016/11/19, 162, 61, 20, 38, 9, 8
2016/11/20, 146, 50, 36, 26, 7, 8
2016/11/21, 102, 56, 22, 39, 7, 9
2016/11/22, 110, 47, 22, 26, 6, 6
2016/11/23, 89, 43, 17, 26, 7, 5
2016/11/24, 79, 35, 25, 24, 6, 5
2016/11/25, 65, 44, 26, 34, 8, 6
2016/11/26, 85, 74, 3, 46, 12, 9
2016/11/27, 151, 64, 21, 35, 8, 7
2016/11/28, 144, 72, 25, 36, 8, 8
2016/11/29, 138, 49, 21, 41, 10, 7
2016/11/30, 89, 84, 5, 54, 17, 11
2016/12/1, 152, 60, 28, 28, 8, 6
2016/12/2, 112, 44, 24, 35, 9, 6
2016/12/3, 64, 64, 13, 49, 13, 9
2016/12/4, 110, 68, 5, 43, 12, 12
2016/12/5, 132, 86, 29, 47, 14, 12
2016/12/6, 158, 43, 27, 27, 8, 5
2016/12/7, 76, 64, 6, 47, 14, 9
2016/12/8, 133, 83, 13, 55, 14, 12
2016/12/9, 161, 65, 25, 37, 10, 9
2016/12/10, 124, 44, 24, 31, 7, 7
2016/12/11, 80, 51, 18, 38, 7, 8
2016/12/12, 99, 73, 5, 57, 15, 12
2016/12/13, 140, 77, 8, 56, 14, 13
2016/12/14, 142, 64, 16, 31, 9, 8
2016/12/15, 139, 47, 26, 23, 6, 4
2016/12/16, 96, 38, 25, 28, 9, 4
2016/12/17, 71, 59, 26, 48, 12, 9
2016/12/18, 118, 62, 21, 43, 9, 10
2016/12/19, 129, 76, 2, 57, 10, 13
2016/12/20, 151, 74, 9, 43, 10, 11
2016/12/21, 150, 77, 3, 44, 9, 12
2016/12/22, 157, 33, 25, 29, 10, 8
2016/12/23, 69, 32, 27, 16, 9, 4
2016/12/24, 68, 53, 20, 29, 9, 6
2016/12/25, 123, 65, 11, 42, 9, 10
2016/12/26, 152, 64, 4, 47, 9, 12
2016/12/27, 141, 39, 26, 25, 6, 9
2016/12/28, 88, 49, 18, 43, 14, 7
2016/12/29, 98, 47, 26, 33, 12, 7
2016/12/30, 90, 39, 24, 40, 11, 6
2016/12/31, 75, 59, 23, 50, 11, 10
2017/1/1, 122, 59, 29, 55, 10, 11
2017/1/2, 126, 71, 23, 53, 12, 12
2016/7/2, 75, 27, 29, 19, 8, 4
2016/7/3, 57, 39, 33, 24, 4, 5
2016/7/4, 82, 38, 27, 25, 4, 6
2016/7/5, 89, 39, 22, 15, 5, 5
2016/7/6, 85, 29, 30, 22, 6, 6
2016/7/7, 63, 38, 60, 29, 6, 7
2016/7/8, 80, 39, 44, 32, 6, 6
2016/7/9, 76, 52, 91, 38, 10, 17
2016/7/10, 107, 46, 66, 24, 6, 5
2016/7/11, 95, 59, 65, 41, 9, 9
2016/7/12, 128, 48, 27, 27, 9, 6
2016/7/13, 103, 50, 81, 30, 8, 5
2016/7/14, 105, 47, 42, 32, 8, 5
2016/7/15, 88, 29, 40, 25, 5, 5
2016/7/16, 53, 35, 23, 22, 5, 5
2016/7/17, 64, 32, 41, 22, 5, 5
2016/7/18, 60, 30, 48, 24, 6, 4
2016/7/19, 57, 50, 50, 22, 6, 7
2016/7/20, 99, 39, 42, 17, 5, 6
2016/7/21, 74, 35, 49, 23, 5, 6
2016/7/22, 67, 32, 53, 29, 7, 6
2016/7/23, 63, 42, 105, 28, 6, 6
2016/7/24, 80, 49, 67, 29, 8, 7
2016/7/25, 98, 47, 34, 33, 6, 8
2016/7/26, 92, 45, 40, 25, 6, 8
2016/7/27, 86, 36, 36, 20, 7, 6
2016/7/28, 71, 43, 54, 20, 8, 5
2016/7/29, 84, 57, 59, 25, 7, 5
2016/7/30, 120, 44, 55, 26, 6, 4
2016/7/31, 97, 56, 69, 24, 4, 4
2016/8/1, 81, 53, 49, 29, 4, 4
2016/8/2, 97, 44, 42, 31, 4, 5
2016/8/3, 82, 38, 51, 33, 4, 5
2016/8/4, 78, 49, 54, 31, 5, 6
2016/8/5, 90, 37, 55, 35, 7, 6
2016/8/6, 74, 53, 88, 35, 10, 7
2016/8/7, 97, 45, 58, 30, 6, 5
2016/8/8, 93, 49, 77, 42, 12, 8
2016/8/9, 105, 47, 51, 38, 6, 5
2016/8/10, 89, 42, 77, 35, 11, 6
2016/8/11, 86, 54, 76, 45, 13, 6
2016/8/12, 116, 56, 103, 48, 8, 6
2016/8/13, 123, 52, 76, 46, 12, 6
2016/8/14, 104, 48, 49, 24, 7, 5
2016/8/15, 94, 46, 49, 21, 8, 5
2016/8/16, 98, 41, 53, 31, 7, 7
2016/8/17, 83, 40, 80, 33, 8, 7
2016/8/18, 80, 41, 65, 36, 7, 7
2016/8/19, 76, 38, 65, 36, 8, 7
2016/8/20, 72, 38, 43, 28, 6, 4
2016/8/21, 67, 31, 38, 23, 6, 3
2016/8/22, 57, 34, 53, 31, 5, 5
2016/8/23, 67, 35, 47, 28, 6, 5
2016/8/24, 69, 39, 57, 37, 7, 5
2016/8/25, 66, 36, 66, 32, 7, 5
2016/8/26, 70, 35, 37, 34, 5, 5
2016/8/27, 64, 43, 33, 26, 5, 4
2016/8/28, 53, 21, 24, 23, 4, 8
2016/8/29, 39, 25, 28, 21, 6, 4
2016/8/30, 42, 37, 31, 31, 10, 3
2016/8/31, 66, 42, 55, 19, 7, 3
2016/9/1, 62, 63, 100, 33, 14, 7
2016/9/2, 120, 39, 49, 34, 5, 8
2016/9/3, 84, 28, 44, 37, 5, 9
2016/9/4, 65, 49, 31, 31, 6, 8
2016/9/5, 93, 41, 36, 33, 6, 9
2016/9/6, 88, 65, 44, 44, 11, 8
2016/9/7, 122, 73, 68, 52, 12, 9
2016/9/8, 145, 54, 57, 39, 10, 6
2016/9/9, 104, 54, 58, 43, 9, 8
2016/9/10, 119, 57, 37, 34, 8, 7
2016/9/11, 120, 40, 37, 24, 7, 6
2016/9/12, 74, 38, 30, 38, 6, 6
2016/9/13, 71, 41, 41, 35, 7, 5
2016/9/14, 72, 36, 40, 27, 5, 5
2016/9/15, 65, 48, 53, 28, 7, 11
2016/9/16, 91, 53, 27, 26, 6, 7
2016/9/17, 114, 27, 35, 22, 6, 5
2016/9/18, 56, 25, 30, 25, 5, 5
2016/9/19, 50, 33, 27, 24, 5, 5
2016/9/20, 60, 38, 29, 24, 4, 4
2016/9/21, 51, 49, 34, 31, 6, 6
2016/9/22, 85, 46, 29, 33, 5, 7
2016/9/23, 94, 43, 40, 24, 8, 7
2016/9/24, 87, 39, 44, 34, 6, 6
2016/9/25, 82, 43, 40, 39, 7, 7
2016/9/26, 89, 53, 25, 38, 6, 10
2016/9/27, 107, 50, 54, 28, 6, 7
2016/9/28, 107, 41, 28, 30, 5, 5
2016/9/29, 90, 31, 28, 22, 3, 3
2016/9/30, 51, 35, 17, 31, 4, 7
2016/10/1, 68, 39, 18, 28, 5, 8
2016/4/2, 136, 78, 82, 43, 15, 7
2016/4/3, 157, 56, 47, 42, 7, 6
2016/4/4, 120, 28, 47, 34, 4, 5
2016/4/5, 50, 52, 46, 35, 9, 6
2016/4/6, 87, 76, 54, 53, 10, 9
2016/4/7, 140, 40, 57, 42, 10, 6
2016/4/8, 83, 72, 53, 42, 10, 8
2016/4/9, 118, 103, 74, 49, 13, 7
2016/4/10, 140, 99, 58, 41, 8, 8
2016/4/11, 140, 53, 43, 23, 6, 4
2016/4/12, 72, 52, 38, 38, 7, 5
2016/4/13, 91, 48, 32, 41, 7, 7
2016/4/14, 90, 64, 60, 28, 9, 6
2016/4/15, 98, 57, 37, 36, 7, 6
2016/4/16, 87, 61, 43, 46, 11, 6
2016/4/17, 116, 37, 48, 11, 6, 3
2016/4/18, 46, 46, 46, 31, 12, 4
2016/4/19, 63, 52, 47, 31, 10, 4
2016/4/20, 90, 60, 58, 44, 11, 6
2016/4/21, 110, 46, 42, 43, 8, 6
2016/4/22, 84, 61, 58, 36, 11, 6
2016/4/23, 109, 176, 44, 45, 11, 6
2016/4/24, 140, 118, 50, 33, 8, 5
2016/4/25, 112, 81, 42, 46, 17, 7
2016/4/26, 104, 84, 60, 48, 10, 7
2016/4/27, 121, 41, 39, 28, 6, 5
2016/4/28, 67, 47, 42, 37, 7, 4
2016/4/29, 74, 57, 54, 33, 9, 5
2016/4/30, 82, 71, 76, 36, 12, 6
2016/5/1, 121, 65, 78, 27, 12, 6
2016/5/2, 120, 61, 41, 32, 16, 5
2016/5/3, 92, 37, 42, 19, 8, 4
2016/5/4, 56, 66, 48, 17, 13, 3
2016/5/5, 66, 54, 64, 36, 12, 5
2016/5/6, 74, 46, 49, 31, 9, 5
2016/5/7, 83, 106, 46, 24, 9, 5
2016/5/8, 130, 72, 61, 32, 12, 5
2016/5/9, 100, 70, 51, 55, 14, 6
2016/5/10, 117, 52, 36, 43, 8, 6
2016/5/11, 97, 39, 51, 37, 10, 4
2016/5/12, 73, 51, 63, 30, 10, 5
2016/5/13, 102, 50, 47, 36, 10, 5
2016/5/14, 90, 47, 48, 31, 7, 6
2016/5/15, 72, 47, 37, 18, 8, 5
2016/5/16, 75, 45, 43, 24, 7, 4
2016/5/17, 67, 61, 69, 49, 13, 5
2016/5/18, 103, 65, 90, 60, 11, 6
2016/5/19, 127, 60, 66, 60, 8, 6
2016/5/20, 107, 56, 61, 49, 10, 6
2016/5/21, 112, 60, 69, 32, 5, 5
2016/5/22, 103, 52, 72, 29, 6, 5
2016/5/23, 118, 56, 80, 37, 16, 6
2016/5/24, 103, 39, 45, 30, 9, 5
2016/5/25, 68, 61, 80, 40, 11, 6
2016/5/26, 127, 74, 88, 43, 12, 7
2016/5/27, 157, 75, 93, 50, 10, 7
2016/5/28, 156, 67, 82, 43, 10, 5
2016/5/29, 137, 63, 73, 36, 5, 5
2016/5/30, 133, 60, 80, 46, 10, 6
2016/5/31, 112, 72, 87, 49, 8, 7
2016/6/1, 140, 50, 66, 25, 5, 4
2016/6/2, 74, 40, 71, 38, 6, 5
2016/6/3, 69, 56, 82, 37, 9, 4
2016/6/4, 109, 58, 46, 42, 10, 6
2016/6/5, 108, 38, 53, 22, 5, 4
2016/6/6, 76, 35, 42, 23, 4, 4
2016/6/7, 74, 46, 51, 29, 7, 5
2016/6/8, 98, 65, 38, 41, 12, 7
2016/6/9, 144, 62, 56, 36, 7, 6
2016/6/10, 135, 62, 69, 31, 9, 7
2016/6/11, 144, 53, 47, 22, 12, 4
2016/6/12, 101, 52, 20, 24, 7, 4
2016/6/13, 124, 52, 48, 30, 6, 5
2016/6/14, 116, 54, 61, 30, 5, 5
2016/6/15, 107, 46, 36, 25, 7, 4
2016/6/16, 92, 42, 62, 22, 8, 4
2016/6/17, 73, 52, 86, 39, 9, 5
2016/6/18, 96, 58, 83, 39, 13, 15
2016/6/19, 125, 44, 55, 24, 5, 4
2016/6/20, 90, 56, 65, 44, 8, 6
2016/6/21, 113, 58, 59, 35, 6, 7
2016/6/22, 137, 53, 34, 31, 6, 6
2016/6/23, 121, 39, 70, 24, 5, 4
2016/6/24, 66, 38, 36, 33, 6, 5
2016/6/25, 74, 38, 48, 23, 6, 3
2016/6/26, 63, 41, 55, 26, 5, 3
2016/6/27, 74, 53, 51, 48, 11, 6
2016/6/28, 110, 63, 63, 38, 7, 6
2016/6/29, 118, 49, 54, 34, 6, 6
2016/6/30, 91, 52, 51, 28, 11, 6
2016/7/1, 113, 36, 22, 26, 8, 5
2016/1/5, 144, 46, 20, 37, 13, 6
2016/1/6, 84, 59, 25, 35, 13, 6
2016/1/7, 104, 55, 24, 27, 9, 6
2016/1/8, 108, 48, 25, 26, 11, 5
2016/1/9, 83, 55, 26, 39, 12, 8
2016/1/10, 103, 59, 31, 35, 11, 9
2016/1/11, 120, 54, 28, 38, 12, 7
2016/1/12, 101, 55, 23, 38, 12, 7
2016/1/13, 100, 47, 25, 31, 12, 6
2016/1/14, 84, 48, 28, 31, 12, 6
2016/1/15, 86, 76, 19, 55, 19, 14
2016/1/16, 148, 89, 15, 58, 20, 16
2016/1/17, 167, 78, 7, 48, 14, 14
2016/1/18, 163, 52, 27, 24, 9, 6
2016/1/19, 111, 35, 27, 17, 10, 4
2016/1/20, 58, 45, 24, 27, 12, 6
2016/1/21, 83, 55, 19, 40, 14, 8
2016/1/22, 109, 51, 27, 36, 11, 7
2016/1/23, 96, 47, 27, 23, 8, 5
2016/1/24, 83, 40, 27, 15, 9, 4
2016/1/25, 77, 52, 27, 29, 9, 5
2016/1/26, 77, 75, 29, 43, 13, 9
2016/1/27, 123, 88, 28, 61, 20, 16
2016/1/28, 158, 86, 7, 64, 20, 17
2016/1/29, 164, 70, 17, 49, 10, 13
2016/1/30, 157, 54, 14, 48, 10, 13
2016/1/31, 132, 64, 28, 29, 8, 9
2016/2/1, 125, 47, 29, 25, 8, 5
2016/2/2, 78, 49, 30, 28, 11, 5
2016/2/3, 83, 64, 32, 42, 15, 9
2016/2/4, 113, 83, 31, 49, 15, 11
2016/2/5, 144, 56, 31, 36, 11, 7
2016/2/6, 95, 58, 32, 32, 12, 7
2016/2/7, 100, 51, 32, 31, 9, 7
2016/2/8, 91, 57, 44, 33, 11, 9
2016/2/9, 113, 54, 40, 17, 9, 7
2016/2/10, 93, 55, 27, 45, 10, 11
2016/2/11, 95, 65, 20, 54, 15, 14
2016/2/12, 122, 61, 15, 57, 13, 14
2016/2/13, 127, 60, 9, 50, 14, 20
2016/2/14, 119, 34, 28, 13, 12, 6
2016/2/15, 67, 41, 29, 16, 9, 4
2016/2/16, 67, 46, 29, 23, 9, 5
2016/2/17, 85, 46, 30, 27, 11, 5
2016/2/18, 77, 64, 32, 43, 12, 8
2016/2/19, 119, 71, 31, 52, 14, 12
2016/2/20, 132, 74, 33, 39, 10, 8
2016/2/21, 123, 42, 34, 21, 7, 4
2016/2/22, 69, 60, 22, 46, 13, 8
2016/2/23, 107, 77, 37, 34, 11, 7
2016/2/24, 136, 46, 31, 29, 10, 5
2016/2/25, 79, 56, 35, 32, 12, 6
2016/2/26, 94, 74, 39, 46, 12, 8
2016/2/27, 150, 78, 40, 45, 12, 9
2016/2/28, 155, 72, 41, 39, 12, 8
2016/2/29, 136, 53, 34, 20, 10, 5
2016/3/1, 91, 50, 35, 26, 13, 6
2016/3/2, 93, 64, 40, 43, 17, 8
2016/3/3, 119, 68, 38, 57, 17, 11
2016/3/4, 129, 60, 21, 53, 10, 11
2016/3/5, 127, 53, 32, 35, 6, 7
2016/3/6, 110, 48, 34, 41, 8, 11
2016/3/7, 86, 62, 34, 44, 11, 8
2016/3/8, 93, 73, 26, 37, 9, 6
2016/3/9, 106, 50, 31, 28, 7, 4
2016/3/10, 76, 52, 32, 26, 9, 5
2016/3/11, 81, 54, 34, 28, 9, 6
2016/3/12, 88, 69, 43, 39, 15, 8
2016/3/13, 122, 80, 45, 43, 10, 9
2016/3/14, 155, 84, 45, 43, 10, 8
2016/3/15, 161, 70, 38, 46, 11, 8
2016/3/16, 138, 76, 45, 50, 16, 7
2016/3/17, 138, 79, 49, 57, 17, 7
2016/3/18, 140, 61, 23, 57, 8, 7
2016/3/19, 136, 69, 43, 41, 6, 7
2016/3/20, 136, 53, 37, 23, 5, 5
2016/3/21, 87, 50, 38, 35, 7, 5
2016/3/22, 85, 62, 46, 39, 11, 5
2016/3/23, 119, 56, 46, 30, 7, 5
2016/3/24, 97, 32, 36, 25, 4, 5
2016/3/25, 57, 42, 34, 34, 5, 6
2016/3/26, 86, 57, 42, 32, 9, 6
2016/3/27, 110, 61, 52, 29, 8, 6
2016/3/28, 124, 70, 59, 45, 11, 7
2016/3/29, 125, 75, 67, 44, 14, 8
2016/3/30, 144, 69, 55, 47, 14, 6
2016/3/31, 124, 93, 43, 67, 18, 8
2016/4/1, 146, 81, 72, 63, 13, 7
2015/10/2, 66, 40, 31, 29, 11, 8
2015/10/3, 54, 60, 59, 42, 9, 5
2015/10/4, 103, 52, 41, 40, 7, 5
2015/10/5, 96, 41, 44, 46, 7, 6
2015/10/6, 73, 54, 49, 55, 13, 7
2015/10/7, 102, 50, 40, 51, 8, 7
2015/10/8, 94, 55, 43, 51, 12, 8
2015/10/9, 106, 57, 35, 34, 8, 5
2015/10/10, 101, 48, 43, 37, 7, 5
2015/10/11, 80, 30, 31, 21, 5, 3
2015/10/12, 61, 32, 28, 28, 9, 3
2015/10/13, 66, 50, 33, 43, 8, 5
2015/10/14, 85, 66, 35, 52, 11, 7
2015/10/15, 117, 66, 56, 64, 11, 8
2015/10/16, 129, 55, 43, 49, 10, 7
2015/10/17, 108, 45, 35, 44, 8, 6
2015/10/18, 93, 52, 65, 52, 7, 7
2015/10/19, 107, 63, 57, 60, 6, 7
2015/10/20, 120, 89, 71, 59, 11, 9
2015/10/21, 159, 83, 54, 59, 11, 9
2015/10/22, 160, 62, 43, 40, 5, 6
2015/10/23, 121, 60, 52, 49, 7, 6
2015/10/24, 114, 86, 25, 53, 6, 9
2015/10/25, 152, 43, 35, 33, 5, 3
2015/10/26, 73, 45, 33, 35, 5, 4
2015/10/27, 69, 47, 27, 34, 7, 5
2015/10/28, 78, 49, 30, 33, 9, 4
2015/10/29, 61, 58, 26, 43, 10, 5
2015/10/30, 86, 48, 29, 28, 8, 3
2015/10/31, 82, 50, 28, 34, 7, 4
2015/11/1, 85, 58, 8, 41, 10, 8
2015/11/2, 123, 64, 29, 40, 11, 7
2015/11/3, 127, 75, 40, 51, 12, 8
2015/11/4, 144, 72, 33, 61, 17, 10
2015/11/5, 143, 76, 33, 62, 14, 11
2015/11/6, 149, 64, 37, 40, 7, 9
2015/11/7, 132, 43, 30, 31, 5, 8
2015/11/8, 85, 20, 24, 27, 5, 8
2015/11/9, 55, 27, 27, 24, 7, 7
2015/11/10, 64, 50, 26, 35, 8, 7
2015/11/11, 107, 39, 24, 34, 6, 7
2015/11/12, 74, 36, 30, 38, 6, 7
2015/11/13, 68, 30, 32, 33, 5, 6
2015/11/14, 66, 40, 14, 34, 8, 6
2015/11/15, 94, 41, 22, 27, 7, 7
2015/11/16, 85, 54, 5, 39, 8, 10
2015/11/17, 112, 53, 16, 36, 8, 9
2015/11/18, 117, 24, 26, 26, 4, 4
2015/11/19, 47, 30, 23, 33, 5, 4
2015/11/20, 56, 47, 22, 34, 9, 6
2015/11/21, 92, 63, 3, 36, 9, 9
2015/11/22, 127, 44, 25, 28, 6, 6
2015/11/23, 107, 41, 21, 29, 5, 6
2015/11/24, 76, 33, 24, 23, 5, 4
2015/11/25, 68, 29, 26, 27, 7, 4
2015/11/26, 58, 36, 28, 21, 7, 4
2015/11/27, 66, 46, 25, 23, 7, 3
2015/11/28, 86, 47, 23, 28, 7, 4
2015/11/29, 90, 57, 17, 38, 9, 8
2015/11/30, 116, 66, 23, 41, 11, 11
2015/12/1, 135, 90, 11, 59, 23, 15
2015/12/2, 164, 87, 10, 53, 15, 16
2015/12/3, 164, 44, 25, 18, 8, 5
2015/12/4, 73, 39, 24, 21, 7, 4
2015/12/5, 72, 54, 25, 28, 8, 6
2015/12/6, 96, 51, 22, 34, 11, 8
2015/12/7, 92, 59, 21, 43, 10, 9
2015/12/8, 113, 64, 18, 44, 12, 9
2015/12/9, 122, 96, 7, 66, 21, 15
2015/12/10, 167, 76, 6, 50, 11, 15
2015/12/11, 152, 34, 21, 38, 6, 8
2015/12/12, 71, , , , , 
2015/12/15, 101, 56, 23, 29, 8, 9
2015/12/16, 122, 46, 21, 26, 7, 8
2015/12/17, 81, 39, 22, 18, 7, 10
2015/12/18, 70, 52, 21, 29, 10, 7
2015/12/19, 93, 72, 17, 44, 14, 15
2015/12/20, 144, 74, 8, 46, 13, 18
2015/12/21, 154, 74, 12, 41, 14, 15
2015/12/22, 147, 97, 7, 52, 22, 18
2015/12/23, 171, 80, 9, 43, 18, 15
2015/12/24, 158, 75, 20, 38, 13, 14
2015/12/25, 152, 47, 27, 27, 10, 11
2015/12/26, 90, 69, 29, 44, 16, 17
2015/12/27, 129, 78, 26, 31, 11, 17
2015/12/28, 131, 46, 24, 28, 11, 11
2015/12/29, 77, 58, 20, 41, 16, 18
2015/12/30, 110, 77, 16, 57, 18, 25
2015/12/31, 149, , , , , 
2015/7/2, 72, 44, 68, 38, 9, 6
2015/7/3, 76, 56, 54, 39, 8, 7
2015/7/4, 111, 45, 46, 37, 5, 6
2015/7/5, 85, 37, 63, 28, 5, 6
2015/7/6, 77, 45, 45, 29, 6, 8
2015/7/7, 89, 33, 26, 29, 6, 8
2015/7/8, 71, 16, 34, 26, 3, 6
2015/7/9, 42, 16, 40, 25, 3, 5
2015/7/10, 39, 40, 36, 29, 5, 7
2015/7/11, 82, 48, 41, 26, 7, 9
2015/7/12, 106, 23, 19, 18, 5, 5
2015/7/13, 56, 29, 42, 16, 10, 6
2015/7/14, 64, 74, 76, 38, 12, 10
2015/7/15, 150, 75, 79, 57, 6, 9
2015/7/16, 134, 31, 27, 30, 4, 5
2015/7/17, 49, 25, 32, 29, 5, 4
2015/7/18, 47, 46, 85, 37, 9, 8
2015/7/19, 91, 49, 47, 32, 15, 9
2015/7/20, 103, 30, 27, 23, 4, 5
2015/7/21, 56, 34, 55, 32, 6, 7
2015/7/22, 79, 51, 39, 31, 9, 9
2015/7/23, 109, 44, 25, 27, 11, 6
2015/7/24, 83, 33, 23, 18, 11, 5
2015/7/25, 61, 33, 22, 19, 10, 5
2015/7/26, 61, 31, 47, 30, 6, 6
2015/7/27, 66, 41, 34, 29, 8, 6
2015/7/28, 85, 42, 42, 33, 9, 7
2015/7/29, 72, 53, 51, 40, 6, 7
2015/7/30, 105, 67, 72, 38, 8, 8
2015/7/31, 140, 68, 97, 36, 11, 7
2015/8/1, 139, 57, 86, 35, 7, 7
2015/8/2, 118, 44, 41, 26, 7, 5
2015/8/3, 88, 49, 65, 30, 6, 6
2015/8/4, 92, 33, 43, 25, 8, 6
2015/8/5, 71, 42, 57, 28, 8, 5
2015/8/6, 82, 57, 87, 43, 11, 7
2015/8/7, 116, 59, 87, 50, 10, 7
2015/8/8, 127, 44, 51, 32, 8, 6
2015/8/9, 95, 34, 47, 22, 6, 4
2015/8/10, 72, 41, 58, 37, 7, 5
2015/8/11, 80, 50, 57, 45, 10, 6
2015/8/12, 94, 25, 27, 32, 5, 6
2015/8/13, 51, 41, 70, 40, 8, 6
2015/8/14, 79, 51, 74, 42, 9, 6
2015/8/15, 97, 55, 87, 38, 9, 7
2015/8/16, 116, 60, 65, 27, 7, 7
2015/8/17, 132, 36, 36, 38, 5, 6
2015/8/18, 67, 40, 31, 33, 4, 6
2015/8/19, 65, 38, 34, 30, 5, 6
2015/8/20, 59, 44, 19, 41, 6, 6
2015/8/21, 73, 29, 41, 34, 4, 6
2015/8/22, 51, 52, 53, 42, 11, 7
2015/8/23, 91, 62, 59, 33, 8, 8
2015/8/24, 126, 43, 39, 30, 7, 6
2015/8/25, 77, 22, 30, 23, 4, 4
2015/8/26, 28, 31, 40, 36, 10, 5
2015/8/27, 44, 44, 35, 35, 7, 8
2015/8/28, 65, 51, 55, 44, 7, 7
2015/8/29, 85, 50, 59, 43, 12, 7
2015/8/30, 97, 51, 55, 38, 7, 7
2015/8/31, 97, 60, 50, 37, 6, 8
2015/9/1, 125, 34, 43, 39, 5, 6
2015/9/2, 58, 33, 37, 31, 5, 6
2015/9/3, 68, 44, 46, 36, 7, 6
2015/9/4, 80, 49, 58, 41, 8, 8
2015/9/5, 79, 40, 35, 31, 5, 6
2015/9/6, 74, 28, 38, 27, 4, 6
2015/9/7, 54, 33, 27, 28, 7, 5
2015/9/8, 61, 32, 36, 33, 5, 5
2015/9/9, 54, 33, 39, 34, 7, 6
2015/9/10, 56, 43, 48, 54, 9, 5
2015/9/11, 71, 51, 59, 56, 10, 5
2015/9/12, 86, 42, 32, 39, 7, 6
2015/9/13, 78, 35, 42, 27, 6, 4
2015/9/14, 67, 42, 38, 46, 9, 6
2015/9/15, 71, 41, 33, 34, 5, 4
2015/9/16, 67, 38, 32, 36, 6, 4
2015/9/17, 56, 29, 24, 37, 5, 5
2015/9/18, 50, 33, 36, 38, 5, 5
2015/9/19, 53, 42, 47, 35, 5, 6
2015/9/20, 76, 51, 68, 40, 6, 6
2015/9/21, 88, 55, 54, 51, 10, 7
2015/9/22, 96, 38, 40, 40, 7, 6
2015/9/23, 66, 40, 18, 39, 6, 6
2015/9/24, 78, 39, 28, 40, 5, 6
2015/9/25, 83, 42, 36, 43, 6, 5
2015/9/26, 77, 43, 57, 31, 6, 5
2015/9/27, 88, 48, 45, 33, 6, 6
2015/9/28, 88, 44, 54, 41, 6, 5
2015/9/29, 80, 41, 39, 23, 4, 4
2015/9/30, 68, 30, 34, 28, 4, 2
2015/10/1, 56, 29, 25, 31, 6, 4
2015/4/2, 96, 48, 37, 32, 7, 8
2015/4/3, 80, 35, 40, 24, 9, 8
2015/4/4, 62, 27, 41, 23, 5, 5
2015/4/5, 42, 28, 38, 25, 5, 8
2015/4/6, 59, 51, 27, 34, 5, 10
2015/4/7, 108, 43, 32, 24, 5, 5
2015/4/8, 72, 36, 33, 27, 5, 4
2015/4/9, 64, 44, 42, 35, 5, 4
2015/4/10, 83, 47, 47, 37, 9, 6
2015/4/11, 82, 49, 48, 37, 6, 6
2015/4/12, 86, 49, 43, 29, 6, 5
2015/4/13, 82, 24, 39, 31, 3, 5
2015/4/14, 53, 21, 44, 29, 4, 4
2015/4/15, 44, 48, 65, 40, 11, 5
2015/4/16, 86, 68, 56, 50, 11, 7
2015/4/17, 117, 80, 42, 39, 10, 4
2015/4/18, 81, 66, 42, 49, 12, 6
2015/4/19, 86, 41, 25, 35, 4, 6
2015/4/20, 86, 27, 35, 32, 4, 6
2015/4/21, 54, 49, 48, 41, 10, 6
2015/4/22, 82, 63, 64, 42, 10, 6
2015/4/23, 98, 69, 54, 51, 11, 7
2015/4/24, 128, 77, 76, 57, 11, 9
2015/4/25, 136, 66, 53, 47, 9, 5
2015/4/26, 88, 65, 71, 41, 8, 5
2015/4/27, 103, 78, 82, 51, 11, 6
2015/4/28, 134, 60, 41, 45, 11, 6
2015/4/29, 110, 50, 38, 38, 5, 6
2015/4/30, 96, 61, 43, 34, 8, 7
2015/5/1, 118, 52, 66, 38, 9, 6
2015/5/2, 95, 53, 48, 38, 13, 4
2015/5/3, 89, 36, 29, 29, 11, 4
2015/5/4, 77, 61, 50, 29, 6, 4
2015/5/5, 77, 52, 50, 37, 11, 3
2015/5/6, 67, 59, 65, 52, 15, 4
2015/5/7, 96, 65, 81, 49, 12, 6
2015/5/8, 118, 65, 73, 60, 11, 6
2015/5/9, 110, 65, 68, 43, 9, 5
2015/5/10, 116, 60, 64, 27, 6, 5
2015/5/11, 93, 49, 46, 33, 5, 4
2015/5/12, 73, 37, 50, 28, 9, 4
2015/5/13, 56, 62, 60, 27, 12, 3
2015/5/14, 76, 57, 55, 44, 9, 5
2015/5/15, 88, 81, 70, 55, 10, 10
2015/5/16, 148, 72, 56, 42, 7, 7
2015/5/17, 123, 53, 67, 43, 5, 4
2015/5/18, 76, 53, 29, 61, 5, 6
2015/5/19, 99, 62, 68, 36, 10, 5
2015/5/20, 120, 56, 49, 33, 9, 4
2015/5/21, 74, 52, 58, 41, 8, 5
2015/5/22, 72, 58, 80, 48, 10, 5
2015/5/23, 84, 52, 73, 48, 11, 6
2015/5/24, 91, 47, 79, 42, 7, 5
2015/5/25, 89, 55, 83, 44, 10, 6
2015/5/26, 92, 59, 81, 56, 11, 7
2015/5/27, 101, 62, 106, 71, 11, 6
2015/5/28, 104, 66, 93, 61, 9, 9
2015/5/29, 126, 61, 93, 50, 14, 8
2015/5/30, 122, 53, 43, 40, 8, 5
2015/5/31, 105, 50, 64, 35, 7, 5
2015/6/1, 100, 52, 78, 40, 11, 8
2015/6/2, 97, 61, 69, 47, 12, 8
2015/6/3, 121, 57, 64, 32, 9, 6
2015/6/4, 96, 47, 78, 44, 9, 6
2015/6/5, 76, 33, 39, 43, 5, 5
2015/6/6, 62, 41, 72, 34, 6, 5
2015/6/7, 77, 42, 71, 31, 6, 5
2015/6/8, 89, 50, 43, 41, 8, 5
2015/6/9, 95, 60, 64, 37, 10, 6
2015/6/10, 118, 66, 100, 54, 10, 8
2015/6/11, 131, 58, 42, 55, 8, 7
2015/6/12, 124, 68, 80, 38, 8, 7
2015/6/13, 122, 70, 78, 38, 10, 9
2015/6/14, 127, 62, 73, 27, 5, 5
2015/6/15, 113, 63, 78, 32, 6, 6
2015/6/16, 131, 81, 87, 44, 6, 9
2015/6/17, 157, 61, 57, 30, 7, 7
2015/6/18, 128, 48, 42, 30, 8, 5
2015/6/19, 87, 41, 47, 30, 6, 4
2015/6/20, 69, 49, 27, 28, 4, 8
2015/6/21, 102, 49, 65, 24, 5, 7
2015/6/22, 113, 55, 65, 30, 6, 6
2015/6/23, 112, 56, 91, 50, 7, 6
2015/6/24, 117, 61, 63, 35, 5, 7
2015/6/25, 144, 52, 40, 27, 4, 6
2015/6/26, 106, 29, 27, 28, 5, 7
2015/6/27, 59, 36, 40, 30, 4, 6
2015/6/28, 68, 41, 37, 19, 3, 5
2015/6/29, 87, 47, 82, 30, 10, 8
2015/6/30, 92, 44, 33, 43, 9, 8
2015/7/1, 87, 33, 45, 33, 6, 6
2015/1/4, 98, 59, , 64, 18, 16
2015/1/5, 131, 102, , 84, 28, 28
2015/1/6, 179, 54, , 39, 11, 9
2015/1/7, 109, 37, , 56, 21, 13
2015/1/8, 72, 51, , 58, 39, 21
2015/1/9, 97, 57, 23, 43, 16, 8
2015/1/10, 114, 52, 28, 37, 13, 8
2015/1/11, 91, 48, 29, 35, 11, 10
2015/1/12, 90, 60, 23, 41, 15, 10
2015/1/13, 115, 87, 17, 70, 25, 17
2015/1/14, 142, 101, 19, 83, 29, 21
2015/1/15, 168, 70, 15, 58, 21, 15
2015/1/16, 132, 81, 24, 53, 17, 16
2015/1/17, 158, 47, 29, 26, 9, 6
2015/1/18, 84, 40, 29, 35, 12, 7
2015/1/19, 70, 64, 27, 28, 11, 9
2015/1/20, 125, 69, 19, 56, 20, 11
2015/1/21, 127, 89, 5, 71, 17, 23
2015/1/22, 164, 55, 18, 43, 9, 11
2015/1/23, 113, 59, 18, 43, 13, 12
2015/1/24, 125, 66, 29, 44, 14, 11
2015/1/25, 128, 74, 7, 54, 14, 19
2015/1/26, 156, 70, 16, 47, 12, 15
2015/1/27, 145, 61, 28, 28, 10, 9
2015/1/28, 122, 50, 19, 33, 13, 8
2015/1/29, 86, 61, 10, 46, 15, 16
2015/1/30, 125, 49, 27, 30, 12, 8
2015/1/31, 95, 46, 29, 30, 11, 7
2015/2/1, 84, 50, 26, 39, 12, 11
2015/2/2, 95, 65, 25, 59, 23, 18
2015/2/3, 123, 77, 16, 62, 24, 19
2015/2/4, 149, 78, 37, 44, 21, 14
2015/2/5, 148, 81, 36, 40, 20, 13
2015/2/6, 156, 69, 28, 50, 17, 9
2015/2/7, 124, 57, 29, 39, 16, 8
2015/2/8, 106, 64, 31, 20, 8, 4
2015/2/9, 73, 39, 26, 24, 10, 5
2015/2/10, 57, 69, 31, 44, 25, 9
2015/2/11, 127, 84, 35, 66, 27, 15
2015/2/12, 157, 59, 32, 37, 13, 7
2015/2/13, 93, 41, 28, 31, 10, 6
2015/2/14, 63, 64, 35, 52, 20, 11
2015/2/15, 104, 89, 46, 60, 22, 17
2015/2/16, 161, 50, 40, 36, 7, 9
2015/2/17, 97, 56, 32, 37, 9, 9
2015/2/18, 109, 59, 34, 24, 9, 9
2015/2/19, 131, 51, 37, 28, 7, 8
2015/2/20, 123, 44, 37, 38, 7, 9
2015/2/21, 92, 41, 23, 47, 11, 9
2015/2/22, 84, 61, 36, 44, 12, 14
2015/2/23, 118, 231, 27, 26, 9, 7
2015/2/24, 154, 96, 28, 42, 13, 9
2015/2/25, 114, 81, 13, 80, 24, 16
2015/2/26, 138, 82, 33, 62, 17, 14
2015/2/27, 118, 40, 32, 38, 8, 6
2015/2/28, 65, 62, 24, 52, 12, 12
2015/3/1, 112, 58, 32, 33, 8, 9
2015/3/2, 104, 91, 30, 44, 13, 10
2015/3/3, 98, 64, 17, 63, 13, 14
2015/3/4, 120, 48, 30, 21, 8, 4
2015/3/5, 61, 50, 33, 34, 8, 6
2015/3/6, 94, 50, 35, 48, 9, 8
2015/3/7, 91, 50, 37, 48, 11, 9
2015/3/8, 91, 54, 43, 40, 11, 13
2015/3/9, 109, 61, 41, 31, 11, 9
2015/3/10, 82, 56, 31, 20, 8, 4
2015/3/11, 54, 59, 39, 29, 12, 6
2015/3/12, 89, 48, 38, 35, 12, 6
2015/3/13, 72, 71, 43, 58, 17, 12
2015/3/14, 130, 59, 37, 49, 13, 9
2015/3/15, 101, 61, 44, 50, 16, 13
2015/3/16, 116, 83, 47, 68, 22, 18
2015/3/17, 138, 99, 46, 73, 24, 17
2015/3/18, 157, 59, 41, 42, 10, 9
2015/3/19, 114, 41, 39, 46, 8, 8
2015/3/20, 85, 77, 40, 49, 11, 11
2015/3/21, 128, 84, 50, 53, 14, 11
2015/3/22, 124, 98, 55, 40, 11, 8
2015/3/23, 123, 60, 32, 21, 9, 4
2015/3/24, 55, 60, 39, 39, 11, 6
2015/3/25, 82, 55, 41, 44, 13, 7
2015/3/26, 95, 67, 47, 50, 12, 8
2015/3/27, 104, 84, 68, 55, 17, 9
2015/3/28, 144, 64, 46, 44, 15, 8
2015/3/29, 114, 90, 53, 31, 8, 6
2015/3/30, 106, 71, 63, 40, 14, 9
2015/3/31, 125, 104, 37, 65, 12, 14
2015/4/1, 168, 54, 37, 32, 6, 8
2026/1/1, , 17, 28, 11, 5, 6
2025/8/18, , 28, 38, 12, 4, 4
2025/1/1, , 35, 32, 34, 5, 9
2020/4/1, , 56, 63, 29, 6, 5
2020/1/1, , 26, 28, 23, 5, 8
2019/6/21, , 51, 97, 18, 3, 6
2019/1/1, , 34, 26, 18, 5, 6
2019/3/28, , 56, 45, 17, 5, 6
2018/12/27, , 29, 25, 17, 6, 4
2017/7/30, , 38, 64, 14, 2, 6
2017/8/7, , 30, 50, 19, 2, 3
2017/8/27, , 37, 123, 17, 5, 4
2017/9/23, , 55, 54, 43, 4, 6
2017/9/26, , 54, 57, 29, 6, 6
2016/1/4, , 83, 29, 44, 14, 11
2015/12/14, , 52, 5, 38, 8, 10
2015/1/3, , 51, , 53, 17, 12
2014/10/2, , 40, 36, 43, 9, 6
2014/10/3, , 47, 42, 30, 6, 6
2014/10/4, , 45, 31, 28, 6, 5
2014/10/5, , 40, 34, 24, 5, 3
2014/10/6, , 25, 36, 29, 5, 3
2014/10/7, , 28, 39, 45, 11, 6
2014/10/8, , 49, 47, 50, 10, 7
2014/10/9, , 51, 39, 42, 9, 6
2014/10/10, , 47, 39, 33, 8, 7
2014/10/11, , 45, 38, 33, 5, 5
2014/10/12, , 40, 31, 31, 5, 6
2014/10/13, , 38, 34, 29, 4, 5
2014/10/14, , 22, 31, 33, 4, 5
2014/10/15, , 30, 37, 37, 10, 6
2014/10/16, , 44, 38, 40, 7, 5
2014/10/17, , 57, 27, 46, 10, 6
2014/10/18, , 52, 29, 52, 7, 8
2014/10/19, , 60, 45, 55, 6, 8
2014/10/20, , 61, 12, 50, 6, 11
2014/10/21, , 54, 32, 32, 5, 7
2014/10/22, , 30, 32, 37, 4, 7
2014/10/23, , 29, 24, 43, 8, 7
2014/10/24, , 57, 27, 48, 10, 9
2014/10/25, , 65, 26, 50, 8, 11
2014/10/26, , 63, 40, 42, 7, 9
2014/10/27, , 58, 34, 44, 9, 8
2014/10/28, , 59, 24, 59, 13, 10
2014/10/29, , 67, 26, 69, 16, 12
2014/10/30, , 74, 26, 69, 12, 12
2014/10/31, , 78, 22, 53, 7, 11
2014/11/1, , 65, 12, 38, 7, 8
2014/11/2, , 49, 30, 27, 5, 7
2014/11/3, , 39, 29, 31, 7, 5
2014/11/4, , 49, 21, 51, 13, 10
2014/11/5, , 61, 23, 59, 17, 11
2014/11/6, , 62, 38, 52, 12, 10
2014/11/7, , 64, 24, 49, 13, 10
2014/11/8, , 83, 16, 51, 14, 12
2014/11/9, , 68, 38, 38, 10, 8
2014/11/10, , 58, 26, 62, 14, 12
2014/11/11, , 68, 23, 67, 14, 13
2014/11/12, , 77, 26, 39, 10, 8
2014/11/13, , 59, 28, 24, 5, 5
2014/11/14, , 61, 28, 44, 10, 7
2014/11/15, , 50, 24, 53, 12, 11
2014/11/16, , 57, 24, 49, 10, 10
2014/11/17, , 49, 28, 46, 12, 9
2014/11/18, , 56, 30, 45, 12, 8
2014/11/19, , 53, 22, 60, 14, 11
2014/11/20, , 61, 23, 63, 16, 13
2014/11/21, , 71, 10, 86, 27, 19
2014/11/22, , 86, 27, 71, 16, 16
2014/11/23, , 76, 20, 62, 11, 15
2014/11/24, , 63, 15, 49, 9, 13
2014/11/25, , 51, 29, 37, 6, 7
2014/11/26, , 41, 14, 48, 10, 9
2014/11/27, , 55, 10, 62, 17, 16
2014/11/28, , 79, 4, 53, 13, 17
2014/11/29, , 79, 27, 39, 8, 9
2014/11/30, , 42, 9, 34, 7, 11
2014/12/1, , 43, 28, 20, 7, 5
2014/12/2, , 37, 23, 24, 7, 5
2014/12/3, , 55, 17, 36, 12, 8
2014/12/4, , 46, 19, 29, 7, 6
2014/12/5, , 38, 21, 27, 9, 5
2014/12/6, , 43, 22, 28, 7, 6
2014/12/7, , 44, 22, 36, 9, 7
2014/12/8, , 38, 19, 46, 10, 9
2014/12/9, , 53, 21, 53, 12, 10
2014/12/10, , 55, 9, 63, 19, 14
2014/12/11, , 70, 20, 32, 13, 8
2014/12/12, , 56, 60, 29, 14, 6
2014/12/13, , 47, 21, 25, 11, 6
2014/12/14, , 44, 23, 31, 13, 8
2014/12/15, , 38, 8, 56, 22, 14
2014/12/16, , 63, 21, 27, 17, 8
2014/12/17, , 44, 22, 22, 11, 6
2014/12/18, , 36, 26, 31, 12, 7
2014/12/19, , 32, 6, 61, 26, 16
2014/12/20, , 76, 20, 45, 18, 12
2014/12/21, , 62, 20, 23, 12, 6
2014/12/22, , 28, 18, 30, 15, 8
2014/12/23, , 43, 10, 59, 20, 16
2014/12/24, , 64, 19, 54, 19, 16
2014/12/25, , 78, 26, 27, 8, 6
2014/12/26, , 37, 21, 41, 13, 11
2014/12/27, , 46, 10, 64, 26, 19
2014/12/28, , 73, 17, 51, 15, 17
2014/12/29, , 67, , , , 
2014/7/2, , 69, 81, 42, 10, 8
2014/7/3, , 95, 46, 35, 6, 6
2014/7/4, , 39, 49, 36, 6, 6
2014/7/5, , 36, 37, 29, 5, 4
2014/7/6, , 37, 32, 20, 5, 4
2014/7/7, , 32, 33, 31, 6, 7
2014/7/8, , 41, 29, 32, 6, 7
2014/7/9, , 44, 20, 25, 7, 6
2014/7/10, , 42, 52, 27, 7, 4
2014/7/11, , 40, 74, 48, 13, 7
2014/7/12, , 56, 77, 50, 11, 8
2014/7/13, , 59, 56, 29, 7, 6
2014/7/14, , 54, 72, 37, 8, 7
2014/7/15, , 55, 43, 45, 10, 11
2014/7/16, , 77, 68, 32, 8, 6
2014/7/17, , 53, 36, 30, 7, 5
2014/7/18, , 36, 15, 26, 6, 5
2014/7/19, , 28, 36, 31, 6, 5
2014/7/20, , 37, 63, 33, 6, 5
2014/7/21, , 47, 77, 34, 9, 7
2014/7/22, , 56, 42, 26, 9, 5
2014/7/23, , 52, 29, 25, 6, 3
2014/7/24, , 32, 26, 24, 7, 5
2014/7/25, , 32, 22, 18, 7, 4
2014/7/26, , 30, 41, 21, 8, 3
2014/7/27, , 31, 90, 30, 6, 5
2014/7/28, , 47, 73, 37, 8, 7
2014/7/29, , 49, 52, 33, 7, 5
2014/7/30, , 41, 62, 33, 13, 4
2014/7/31, , 52, 47, 37, 8, 4
2014/8/1, , 50, 35, 27, 8, 4
2014/8/2, , 32, 22, 17, 7, 3
2014/8/3, , 27, 34, 19, 6, 3
2014/8/4, , 21, 31, 30, 8, 5
2014/8/5, , 22, 45, 31, 7, 6
2014/8/6, , 38, 55, 37, 8, 8
2014/8/7, , 63, 32, 33, 7, 7
2014/8/8, , 41, 43, 29, 7, 4
2014/8/9, , 18, 44, 26, 7, 4
2014/8/10, , 17, 32, 24, 11, 4
2014/8/11, , 15, 46, 31, 9, 4
2014/8/12, , 24, 89, 43, 8, 6
2014/8/13, , 53, 52, 54, 9, 8
2014/8/14, , 64, 40, 38, 4, 6
2014/8/15, , 30, 40, 28, 3, 5
2014/8/16, , 28, 37, 31, 4, 5
2014/8/17, , 24, 25, 20, 6, 7
2014/8/18, , 32, 22, 34, 5, 7
2014/8/19, , 19, 23, 39, 7, 9
2014/8/20, , 32, 12, 28, 7, 9
2014/8/21, , 34, 32, 20, 8, 5
2014/8/22, , 27, 48, 36, 8, 6
2014/8/23, , 44, 75, 45, 12, 8
2014/8/24, , 69, 52, 37, 9, 10
2014/8/25, , 68, 28, 32, 6, 7
2014/8/26, , 44, 46, 34, 6, 6
2014/8/27, , 38, 29, 20, 4, 4
2014/8/28, , 35, 35, 29, 4, 5
2014/8/29, , 40, 32, 27, 5, 5
2014/8/30, , 34, 32, 29, 4, 5
2014/8/31, , 28, 34, 25, 6, 6
2014/9/1, , 29, 36, 28, 6, 6
2014/9/2, , 40, 19, 29, 5, 4
2014/9/3, , 29, 22, 32, 6, 7
2014/9/4, , 42, 40, 36, 7, 6
2014/9/5, , 34, 60, 45, 10, 8
2014/9/6, , 48, 60, 51, 8, 9
2014/9/7, , 54, 79, 36, 6, 10
2014/9/8, , 60, 71, 27, 6, 8
2014/9/9, , 54, 66, 32, 6, 8
2014/9/10, , 59, 65, 29, 5, 8
2014/9/11, , 55, 49, 32, 5, 7
2014/9/12, , 47, 33, 36, 5, 6
2014/9/13, , 41, 36, 27, 5, 6
2014/9/14, , 52, 38, 28, 7, 6
2014/9/15, , 34, 50, 37, 10, 6
2014/9/16, , 40, 76, 44, 11, 6
2014/9/17, , 55, 31, 31, 6, 6
2014/9/18, , 44, 33, 30, 5, 5
2014/9/19, , 34, 30, 44, 6, 6
2014/9/20, , 41, 40, 41, 7, 5
2014/9/21, , 43, 42, 35, 9, 5
2014/9/22, , 34, 43, 32, 8, 5
2014/9/23, , 35, 40, 34, 6, 5
2014/9/24, , 36, 35, 37, 6, 6
2014/9/25, , 27, 42, 36, 7, 5
2014/9/26, , 32, 36, 31, 5, 4
2014/9/27, , 32, 41, 37, 10, 7
2014/9/28, , 41, 63, 33, 8, 8
2014/9/29, , 58, 36, 41, 7, 10
2014/9/30, , 68, 25, 30, 7, 6
2014/10/1, , 52, 32, 32, 6, 4
2014/4/2, , 72, 72, 62, 16, 8
2014/4/3, , 72, 48, 58, 16, 8
2014/4/4, , 67, 40, 27, 6, 4
2014/4/5, , 28, 44, 30, 5, 5
2014/4/6, , 42, 42, 21, 5, 4
2014/4/7, , 39, 68, 42, 15, 6
2014/4/8, , 71, 63, 50, 11, 7
2014/4/9, , 57, 74, 63, 16, 9
2014/4/10, , 76, 53, 46, 13, 7
2014/4/11, , 79, 39, 46, 9, 8
2014/4/12, , 60, 36, 57, 9, 8
2014/4/13, , 70, 46, 36, 8, 8
2014/4/14, , 55, 58, 47, 11, 7
2014/4/15, , 54, 85, 47, 16, 8
2014/4/16, , 79, 87, 61, 17, 10
2014/4/17, , 105, 58, 55, 11, 7
2014/4/18, , 68, 45, 30, 5, 5
2014/4/19, , 47, 45, 21, 5, 4
2014/4/20, , 45, 49, 22, 6, 4
2014/4/21, , 38, 67, 37, 9, 7
2014/4/22, , 58, 62, 47, 11, 8
2014/4/23, , 66, 76, 51, 12, 7
2014/4/24, , 65, 89, 65, 16, 8
2014/4/25, , 73, 86, 67, 12, 7
2014/4/26, , 68, 51, 52, 11, 6
2014/4/27, , 58, 44, 34, 9, 5
2014/4/28, , 48, 44, 21, 4, 5
2014/4/29, , 28, 46, 42, 5, 8
2014/4/30, , 24, 25, 43, 8, 9
2014/5/1, , 47, 56, 36, 9, 6
2014/5/2, , 52, 81, 43, 13, 7
2014/5/3, , 75, 47, 30, 6, 5
2014/5/4, , 54, 48, 38, 8, 6
2014/5/5, , 49, 42, 24, 8, 4
2014/5/6, , 48, 47, 32, 9, 5
2014/5/7, , 49, 57, 41, 15, 7
2014/5/8, , 60, 57, 29, 11, 5
2014/5/9, , 51, 57, 41, 9, 6
2014/5/10, , 54, 60, 35, 8, 5
2014/5/11, , 38, 67, 32, 11, 5
2014/5/12, , 45, 52, 30, 8, 5
2014/5/13, , 42, 84, 40, 14, 7
2014/5/14, , 65, 53, 56, 13, 10
2014/5/15, , 79, 53, 40, 8, 5
2014/5/16, , 63, 64, 47, 11, 6
2014/5/17, , 69, 76, 52, 10, 7
2014/5/18, , 68, 87, 37, 11, 8
2014/5/19, , 67, 90, 55, 12, 7
2014/5/20, , 65, 43, 53, 8, 7
2014/5/21, , 76, 66, 41, 8, 7
2014/5/22, , 74, 67, 38, 8, 7
2014/5/23, , 62, 60, 35, 5, 8
2014/5/24, , 57, 93, 44, 10, 8
2014/5/25, , 78, 46, 24, 10, 7
2014/5/26, , 55, 48, 35, 7, 6
2014/5/27, , 66, 86, 42, 14, 6
2014/5/28, , 88, 81, 56, 16, 10
2014/5/29, , 113, 97, 57, 11, 7
2014/5/30, , 74, 93, 64, 13, 9
2014/5/31, , 83, 127, 64, 14, 10
2014/6/1, , 80, 94, 45, 12, 11
2014/6/2, , 87, 52, 50, 17, 9
2014/6/3, , 79, 41, 26, 7, 5
2014/6/4, , 35, 42, 19, 4, 4
2014/6/5, , 33, 36, 33, 4, 5
2014/6/6, , 30, 60, 26, 4, 3
2014/6/7, , 46, 55, 26, 3, 3
2014/6/8, , 52, 42, 25, 4, 5
2014/6/9, , 53, 35, 23, 4, 6
2014/6/10, , 58, 29, 18, 4, 5
2014/6/11, , 41, 31, 21, 4, 3
2014/6/12, , 30, 28, 28, 4, 5
2014/6/13, , 31, 55, 34, 8, 5
2014/6/14, , 49, 57, 38, 6, 6
2014/6/15, , 55, 65, 36, 6, 5
2014/6/16, , 47, 80, 45, 9, 6
2014/6/17, , 57, 67, 45, 8, 7
2014/6/18, , 63, 55, 35, 4, 5
2014/6/19, , 53, 80, 35, 9, 7
2014/6/20, , 63, 49, 37, 5, 7
2014/6/21, , 65, 28, 21, 4, 5
2014/6/22, , 29, 33, 19, 5, 4
2014/6/23, , 30, 41, 33, 5, 6
2014/6/24, , 50, 54, 38, 7, 6
2014/6/25, , 47, 75, 40, 9, 6
2014/6/26, , 64, 96, 37, 8, 8
2014/6/27, , 62, 81, 45, 6, 7
2014/6/28, , 54, 45, 31, 7, 6
2014/6/29, , 42, 68, 29, 8, 5
2014/6/30, , 46, 74, 37, 7, 8
2014/7/1, , 66, 110, 41, 9, 7
2014/1/2, , 83, 26, 42, 15, 10
2014/1/3, , 69, 10, 68, 26, 17
2014/1/4, , 71, 24, 60, 21, 16
2014/1/5, , 67, 26, 34, 10, 8
2014/1/6, , 50, 20, 54, 21, 12
2014/1/7, , 74, 19, 62, 21, 13
2014/1/8, , 78, 18, 50, 15, 11
2014/1/9, , 77, 26, 24, 7, 4
2014/1/10, , 32, 24, 36, 15, 6
2014/1/11, , 45, 23, 41, 19, 10
2014/1/12, , 69, 30, 39, 22, 12
2014/1/13, , 80, 26, 28, 8, 6
2014/1/14, , 44, 23, 42, 11, 8
2014/1/15, , 45, 24, 43, 16, 8
2014/1/16, , 57, 26, 51, 18, 11
2014/1/17, , 77, 28, 69, 27, 16
2014/1/18, , 103, 25, 47, 23, 11
2014/1/19, , 76, 27, 38, 15, 9
2014/1/20, , 49, 26, 48, 19, 11
2014/1/21, , 72, 24, 25, 10, 7
2014/1/22, , 57, 28, 36, 14, 9
2014/1/23, , 73, 22, 60, 24, 15
2014/1/24, , 74, 20, 82, 30, 25
2014/1/25, , 94, 23, 69, 24, 26
2014/1/26, , 77, 30, 31, 8, 7
2014/1/27, , 51, 23, 53, 18, 13
2014/1/28, , 63, 25, 56, 18, 15
2014/1/29, , 66, 15, 77, 25, 19
2014/1/30, , 72, 36, 48, 19, 16
2014/1/31, , 59, 30, 43, 12, 10
2014/2/1, , 50, 38, 49, 14, 13
2014/2/2, , 56, 37, 28, 7, 9
2014/2/3, , 54, 31, 25, 6, 7
2014/2/4, , 52, 28, 25, 7, 5
2014/2/5, , 72, 23, 41, 11, 8
2014/2/6, , 193, 16, 53, 13, 12
2014/2/7, , 147, 24, 43, 12, 12
2014/2/8, , 54, 30, 28, 6, 7
2014/2/9, , 22, 24, 23, 6, 7
2014/2/10, , 28, 30, 27, 5, 7
2014/2/11, , 26, 28, 39, 7, 8
2014/2/12, , 33, 25, 39, 12, 10
2014/2/13, , 37, 23, 42, 10, 10
2014/2/14, , 44, 34, 27, 6, 5
2014/2/15, , 26, 34, 45, 9, 8
2014/2/16, , 46, 28, 51, 13, 11
2014/2/17, , 57, 38, 41, 13, 11
2014/2/18, , 57, 36, 24, 6, 6
2014/2/19, , 29, 30, 39, 9, 8
2014/2/20, , 41, 33, 46, 15, 10
2014/2/21, , 66, 42, 56, 17, 11
2014/2/22, , 81, 43, 61, 16, 12
2014/2/23, , 77, 46, 55, 15, 12
2014/2/24, , 71, 43, 66, 20, 14
2014/2/25, , 96, 47, 73, 27, 16
2014/2/26, , 120, 28, 72, 20, 18
2014/2/27, , 123, 32, 46, 14, 10
2014/2/28, , 67, 32, 40, 10, 9
2014/3/1, , 80, 28, 40, 11, 9
2014/3/2, , 62, 37, 26, 7, 6
2014/3/3, , 54, 34, 37, 8, 7
2014/3/4, , 41, 28, 46, 13, 8
2014/3/5, , 54, 36, 32, 9, 6
2014/3/6, , 56, 35, 32, 10, 6
2014/3/7, , 51, 33, 29, 9, 5
2014/3/8, , 44, 34, 37, 12, 6
2014/3/9, , 50, 36, 29, 12, 7
2014/3/10, , 54, 32, 37, 12, 7
2014/3/11, , 44, 37, 52, 21, 12
2014/3/12, , 65, 12, 60, 14, 14
2014/3/13, , 65, 37, 39, 5, 7
2014/3/14, , 30, 37, 42, 8, 7
2014/3/15, , 53, 50, 41, 16, 9
2014/3/16, , 77, 69, 47, 15, 11
2014/3/17, , 77, 51, 42, 13, 9
2014/3/18, , 69, 48, 26, 7, 6
2014/3/19, , 97, 40, 26, 7, 6
2014/3/20, , 45, 38, 28, 8, 6
2014/3/21, , 40, 31, 39, 8, 6
2014/3/22, , 45, 41, 51, 14, 10
2014/3/23, , 67, 68, 47, 15, 9
2014/3/24, , 66, 67, 50, 18, 8
2014/3/25, , 70, 38, 40, 14, 8
2014/3/26, , 56, 25, 44, 9, 9
2014/3/27, , 40, 48, 51, 18, 10
2014/3/28, , 70, 80, 52, 22, 11
2014/3/29, , 85, 35, 47, 9, 7
2014/3/30, , 48, 50, 30, 6, 7
2014/3/31, , 34, 42, 45, 12, 9
2014/4/1, , 58, 50, 59, 16, 10
2014/1/1, , , 46, 34, 14, 8
